plu,name,image_small,promo.date_begin,promo.date_end,promo.mech,promo.expired_at,prices.price_regular,prices.price_discount,prices.discount,is_new
3442578,PICNIC Батончик BIG 76г,products/mini_3442578.jpg,2023-09-26,2023-10-02,,0,79.99,59.99,25,False
3419777,Конфета Батончик PICNIC ГР.ОРЕХ шок.52г,products/mini_3419777.jpg,2023-09-26,2023-10-02,,0,69.99,49.99,28,False
3444677,СЛАВ.Конф.ОБЫКНОВ.ЧУДО слив.ваф.глаз.55г,products/mini_3444677.jpg,2023-09-26,2023-10-02,,0,49.98,29.99,39,False
3505362,KINDER Изд.конд.JOY 20г+игрушка,products/mini_3505362.jpg,2023-09-26,2023-10-02,,0,129.99,109.99,15,False
4110438,SOJ Батончик MARSHMAL.сол.кар.мол.шок30г,products/mini_4110438.jpg,2023-09-26,2023-10-02,,0,49.99,39.99,20,False
4240555,GOODMIX Кон.SAL.P.TAS.вк.сол.ар.хр.в.46г,products/mini_4240555.jpg,2023-09-26,2023-10-02,,0,54.99,39.99,27,False
4125041,SKITTLES Драже ФР.В.вк.лим/л/а/к/ч.см70г,products/mini_4125041.jpg,2023-09-14,2023-10-04,,2,87.19,69.99,19,False
4194684,ТРИ КОТА Шарики хрустящие в шок.гл.75г,,2023-09-14,2023-10-04,,2,95.99,69.99,27,False
17885,ЧУПА ЧУПС Карам.ЭКЗ-ТРОПИК с нат.сок.12г,products/mini_17885.jpg,2023-09-14,2023-10-04,,2,10.99,8.99,18,False
41334,БОН ПАРИ Леденцы АССОРТИ фруктовые 75г,products/mini_41334.jpg,2023-09-14,2023-10-04,,2,69.99,44.99,35,False
3498891,HALLS Карам.лед.мед/лимон 25г,products/mini_3498891.jpg,2023-09-14,2023-10-04,,2,44.99,39.99,11,False
3498892,HALLS Карам.COLORS АССОРТИ лед.25г,products/mini_3498892.jpg,2023-09-14,2023-10-04,,2,44.99,39.99,11,False
3498896,"HALLS Карам.МЕНТ.ЭКСТ.лед.мент/эвк.24,5г",products/mini_3498896.jpg,2023-09-14,2023-10-04,,2,44.99,39.99,11,False
3619012,WER.ORIG.Карамель слив.50г,products/mini_3619012.jpg,2023-09-14,2023-10-04,,2,69.99,49.99,28,False
4121693,CHUPA CHUPS Марм.РОЛ.экст.ап-лим.вк.150г,products/mini_4121693.jpg,2023-09-14,2023-10-04,,2,139.99,99.99,28,False
4124907,CHUPA CHUPS Карамель КИС.вк.яб/в/л/ап12г,products/mini_4124907.jpg,2023-09-14,2023-10-04,,2,9.99,7.99,20,False
4284962,LENCO Карамель МОНСТРИКИ АССОРТИ лед.11г,,2023-09-14,2023-10-04,,2,34.99,26.99,22,False
4096124,"MACCOFFEE Нап.CAP.DI TOR.коф.т.шок.25,5г",products/mini_4096124.jpg,2023-09-26,2023-10-02,,0,27.49,22.99,16,False
6134,MACCOFFEE Нап.коф.раств.3в1 м/у 20г,products/mini_6134.jpg,2023-09-14,2023-10-04,,2,16.49,13.99,15,False
70709,"PARMAL.Молоко пит.ул/стер.3,5% 1л",products/mini_70709.jpg,2023-09-26,2023-10-02,,0,129.99,84.99,34,False
3439471,"ПРАВ.МОЛ.Молоко паст.3,2-4% ПЭТ 2л",products/mini_3439471.jpg,2023-09-26,2023-10-02,,0,189.99,159.99,15,False
3485660,"С НАШЕЙ ФЕРМЫ Молоко ул/паст.3,2% 925мл",products/mini_3485660.jpg,2023-09-26,2023-10-02,,0,92.99,64.99,30,False
3645807,"САРАФ.Молоко ул/паст.дет.3,2% 970мл",products/mini_3645807.jpg,2023-09-26,2023-10-02,,0,89.99,64.99,27,False
3645808,"САРАФ.Молоко ул/паст.дет.2,5% 970мл",products/mini_3645808.jpg,2023-09-26,2023-10-02,,0,87.99,59.99,31,False
3341462,ЛЕТО Яйцо кур.С1 20шт,products/mini_3341462.jpg,2023-09-26,2023-10-02,,0,211.99,189.99,10,False
3366852,"САВУШ.Паста твор.черника 3,5% 120г",products/mini_3366852.jpg,2023-09-26,2023-10-02,,0,52.99,39.99,24,False
3473938,"САВУШ.Паста твор.дес.кокос/минд.3,5%120г",products/mini_3473938.jpg,2023-09-26,2023-10-02,,0,52.99,39.99,24,False
3495773,"ЦАРКА Йогурт киви 3,5% 400г",products/mini_3495773.jpg,2023-09-26,2023-10-02,,0,79.99,69.99,12,False
3638992,"САРАФ.Йогурт термостат.дет.1,5% 125г",products/mini_3638992.jpg,2023-09-26,2023-10-02,,0,25.99,19.99,23,False
3667312,"ВЕРХОВЬЕ Биотв.с перс.об.пр.дет4,2% 140г",products/mini_3667312.jpg,2023-09-26,2023-10-02,,0,54.99,34.99,36,False
3667315,"ВЕРХОВЬЕ Биотв.с кл-зем.об.пр.д.4,2%140г",products/mini_3667315.jpg,2023-09-26,2023-10-02,,0,54.99,34.99,36,False
3677375,"ЦАРКА Йог.с фр-яг.нап.землян.3,5% 400г",products/mini_3677375.jpg,2023-09-26,2023-10-02,,0,79.99,69.99,12,False
3680731,"ЦАРКА Йогурт с фр-яг.нап.манго 3,5% 400г",products/mini_3680731.jpg,2023-09-26,2023-10-02,,0,79.99,69.99,12,False
3685272,СЕЛО ЗЕЛ.Пудинг мол.вк.ванили 3% 120г,products/mini_3685272.jpg,2023-09-26,2023-10-02,,0,52.99,39.99,24,False
3685287,СЕЛО ЗЕЛ.Пудинг мол.шоколадный 3% 120г,products/mini_3685287.jpg,2023-09-26,2023-10-02,,0,52.99,39.99,24,False
3697858,"САВУШКИН Паста твор.вк.нап.Чиз.3,5% 120г",products/mini_3697858.jpg,2023-09-26,2023-10-02,,0,52.99,39.99,24,False
3974885,"БЗМЖ ВЕРХОВ.Биотв.виш/вк.минд.4,2% 140г",products/mini_3974885.jpg,2023-09-26,2023-10-02,,0,54.99,34.99,36,False
4087408,"ВЕРХОВЬЕ Биотв.мал/жим.об.дет.4,2% 140г",products/mini_4087408.jpg,2023-09-26,2023-10-02,,0,54.99,34.99,36,False
4123616,ЭКОНИВА Пр.ТВОРОЖОК тв.пер/абрик.5% 125г,,2023-09-26,2023-10-02,,0,57.99,44.99,22,False
4125516,ЭКОНИВА Прод.ТВОРОЖ.твор.мал/зем.5% 125г,,2023-09-26,2023-10-02,,0,57.99,44.99,22,False
4151762,"САВУШ.Паста КЛУБНИКА тв.дес.нап.3,5%120г",products/mini_4151762.jpg,2023-09-26,2023-10-02,,0,52.99,39.99,24,False
4264265,"САРАФ.Биойогурт персик.об.дет.3,1% 125г",,2023-09-26,2023-10-02,,0,24.99,19.99,20,False
4264266,"САРАФ.Биойогурт клубник.об.дет.3,1% 125г",,2023-09-26,2023-10-02,,0,24.99,19.99,20,False
4299003,"АКТИБИО Биойог.терм.обог.бифид.3,5% 160г",,2023-09-14,2023-10-04,,2,49.99,42.99,14,False
3026226,"ТЫС.ОЗЕР Масло сл/слив.82,5% 180г",products/mini_3026226.jpg,2023-09-26,2023-10-02,,0,229.99,139.99,39,False
3612778,"ВКУСНОТ.Масло ТРАДИЦ.слив.82,5% 200г",products/mini_3612778.jpg,2023-09-26,2023-10-02,,0,239.99,179.99,25,False
4113532,"ЭКОМИЛК Масло ТРАД.сл.н/с в/с 82,5% 180г",products/mini_4113532.jpg,2023-09-14,2023-10-04,,2,199.99,139.99,30,False
4095524,ЭКОНИВА Сметана 20% 300г,,2023-09-14,2023-10-04,,2,89.99,79.99,11,False
4217906,ИСКР.ВАШ Сметана 20% п/ст 300г,products/mini_4217906.jpg,2023-09-26,2023-10-02,,0,89.99,76.99,14,False
4262697,БРЕСТ-ЛИТОВСК Сметана 15% п/ст 300г,products/mini_4262697.jpg,2023-09-26,2023-10-02,,0,104.99,76.99,26,False
3198901,ДМИТРОВСКИЙ Творог пергамент 9% 180г,products/mini_3198901.jpg,2023-09-26,2023-10-02,,0,99.99,79.99,20,False
3603637,КАРАТ Творог ДОМАШ.зерн.4% 200г,products/mini_3603637.jpg,2023-09-26,2023-10-02,,0,89.99,69.99,22,False
3617778,СЕЛО ЗЕЛ.Творог 5% 500г,products/mini_3617778.jpg,2023-09-14,2023-10-04,,2,259.99,189.99,26,False
3683644,СЕЛО ЗЕЛ.Творог 5% стак.220г,products/mini_3683644.jpg,2023-09-14,2023-10-04,,2,119.99,84.99,29,False
3684909,СЕЛО ЗЕЛ.Прод.тв.ЗЕРНО ТВОР.В СЛ.5% 130г,products/mini_3684909.jpg,2023-09-26,2023-10-02,,0,73.99,49.99,32,False
4032179,БЗМЖ СЕЛО ЗЕЛ.Творог 9% пак.500г,products/mini_4032179.jpg,2023-09-26,2023-10-02,,0,259.99,189.99,26,False
4068000,ПРОСТОКВ.Творог рассыпчатый 5% пак.320г,products/mini_4068000.jpg,2023-09-14,2023-10-04,,2,159.99,129.99,18,False
4095453,РОСТАГРОЭКС.Творог 5% 180г,products/mini_4095453.jpg,2023-09-26,2023-10-02,,0,97.99,69.99,28,False
4121613,ПРОСТОКВ.Творог 5% 200г,products/mini_4121613.jpg,2023-09-26,2023-10-02,,0,103.99,79.99,23,False
2058753,РОСТ.Напит.МАЦОНИ кисломол.300г,products/mini_2058753.jpg,2023-09-14,2023-10-04,,2,67.99,55.99,17,False
3634618,"РАЭ Напиток ТАН к/м 0,5% 1000мл",products/mini_3634618.jpg,2023-09-14,2023-10-04,,2,89.99,71.99,20,False
3905837,"АВИДА Ряженка 3,2% 430г",products/mini_3905837.jpg,2023-09-26,2023-10-02,,0,54.99,44.99,18,False
4305605,ВЕРХОВЬЕ Прод.к/м ИММУНО гран/мал.2% 90г,,2023-09-26,2023-10-02,,0,24.99,19.99,20,False
4305608,ВЕРХОВЬЕ Прод.к/м ИММУНО клуб/бан.2% 90г,,2023-09-26,2023-10-02,,0,24.99,19.99,20,False
4305609,ВЕРХОВЬЕ Прод.к/м ИММУНО лим/имб.2% 90г,,2023-09-26,2023-10-02,,0,24.99,19.99,20,False
3376242,"РОГАЧЕВ Молоко сгущ.с сах.8,5% ж/б 380г",products/mini_3376242.jpg,2023-09-26,2023-10-02,,0,159.99,119.99,25,False
4090685,"СТАН.МОЛ.Молоко цел.сг.сах.8,5% д/п 270г",products/mini_4090685.jpg,2023-09-14,2023-10-04,,2,94.99,89.99,5,False
4147345,"РОГАЧЕВЪ Молоко цел.сгущ.сах.8,5%д/п270г",products/mini_4147345.jpg,2023-09-14,2023-10-04,,2,149.99,119.99,20,False
44849,ДОМ.В ДЕР.Слив.пит.стер.10% 480г,products/mini_44849.jpg,2023-09-26,2023-10-02,,0,139.99,109.99,21,False
4063280,ВКУСНОТ.Крем СЛ.Д/ВЗБИВ.у/п м/у 33% 250г,,2023-09-14,2023-10-04,,2,149.99,124.99,16,False
3979650,БЗМЖ СТАН.МОЛ.Сливки пит.20% 500мл,products/mini_3979650.jpg,2023-09-26,2023-10-02,,0,149.99,134.99,10,False
4063899,PARMAL.Сливки COMF.пит.б/лакт.у/п11%500г,products/mini_4063899.jpg,2023-09-26,2023-10-02,,0,169.99,126.99,25,False
3416238,ХЛЕБОЗАВОД28 Пирожок слоен.сырн.нач.80г,products/mini_3416238.jpg,2023-09-26,2023-10-02,,0,45.99,34.99,23,False
3455631,МАСТ.ПИР.Изд.х/б ватрушка с тв.КОЛ.100г,products/mini_3455631.jpg,2023-09-26,2023-10-02,,0,69.99,51.99,25,False
3455634,МАСТ.ПИР.Изд.х/б сл.конв.с фр.нач.гр.70г,products/mini_3455634.jpg,2023-09-26,2023-10-02,,0,52.99,39.99,24,False
3455635,МАСТ.ПИР.Изд.х/б сл.конв.с фр.нач.чер70г,products/mini_3455635.jpg,2023-09-26,2023-10-02,,0,52.99,39.99,24,False
3640932,МАСТ.ПИР.Изд.х/б КОНВЕРТИК виш.нач.70г,products/mini_3640932.jpg,2023-09-26,2023-10-02,,0,52.99,39.99,24,False
3690949,МАСТЕР ПИР.Конвертик фр.нач.абр-пер.70г,products/mini_3690949.jpg,2023-09-26,2023-10-02,,0,52.99,39.99,24,False
4036451,КОЛОМЕН.Плюшка МОСКОВСКАЯ сах.сдоб.150г,products/mini_4036451.jpg,2023-09-14,2023-10-04,,2,44.99,35.99,20,False
2084134,Хлебцы МОЛОДЦЫ пшен.-ржан. 100г,products/mini_2084134.jpg,2023-09-14,2023-10-04,,2,41.99,35.99,14,False
3497593,ЩЕДРЫЕ Хлебцы тонкие ржаные 170г,products/mini_3497593.jpg,2023-09-26,2023-10-02,,0,109.99,87.99,20,False
3692903,ЩЕДРЫЕ Хлебцы тонкие бородинские 170г,products/mini_3692903.jpg,2023-09-26,2023-10-02,,0,109.99,87.99,20,False
4101075,Хлебцы MAG.GR.м/зл.т.сем/с.льна/кунж160г,products/mini_4101075.jpg,2023-09-26,2023-10-02,,0,149.99,109.99,26,False
4077360,BITCOM Изд.х/б Крендель с мор.солью 450г,,2023-09-26,2023-10-02,,0,329.99,279.99,15,False
3289515,СЕМЕЙКА ОЗБИ Сухари с изюмом/сахар.300г,products/mini_3289515.jpg,2023-09-14,2023-10-04,,2,109.99,81.99,25,False
3965915,Сухари ОСЕННИЕ сдоб.пшен.350г,,2023-09-14,2023-10-04,,2,89.99,69.99,22,False
3613484,НАТУРБУФЕТ Оладьи ПЕЧЕНОЧНЫЕ 300г,products/mini_3613484.jpg,2023-09-26,2023-10-02,,0,174.99,139.99,20,False
3952859,ПЕРВ.СВЕЖ.Филе ЦБ в панировке охл.500г,products/mini_3952859.jpg,2023-09-26,2023-10-02,,0,189.99,159.99,15,False
3191297,ТЕНДЕР Голень куриная охл. 1кг,products/mini_3191297.jpg,2023-09-26,2023-10-02,,0,224.99,199.99,11,False
4066552,РОКОКО Цыплята табака в обсыпке охл.1кг,products/mini_4066552.jpg,2023-09-14,2023-10-04,,2,299.99,269.99,10,False
4111815,ПАВА ПАВА Шниц.филе гр.инд.спец.охл.300г,,2023-09-26,2023-10-02,,0,184.99,177.99,3,False
4243884,ПЕТЕЛИНКА Фарш ПРЕМИУМ из ф.гр.охл.450г,,2023-09-26,2023-10-02,,0,169.99,149.99,11,False
4252706,ИНДИЛАЙТ Купаты ДЕЛИКАТЕСНЫЕ инд.350г,products/mini_4252706.jpg,2023-09-26,2023-10-02,,0,174.99,149.99,14,False
4287362,ПАВА-ПАВА Мякоть индейки охл.450г,,2023-09-26,2023-10-02,,0,229.99,194.99,15,False
4090362,МИРАТОРГ Стейк МИНУТКА из мрам.гов.190г,products/mini_4090362.jpg,2023-09-26,2023-10-02,,0,239.99,214.99,10,False
3619732,РЕСТОРИЯ Шницель свиной охл.мга 400г,products/mini_3619732.jpg,2023-09-26,2023-10-02,,0,189.99,169.99,10,False
4165825,БЛИЖ.ГОР.Бекон д/жар.свин.кат.В охл.260г,products/mini_4165825.jpg,2023-09-14,2023-10-04,,2,134.99,119.99,11,False
4230669,ТЕНДЕР Окорок свиной б/к охл.1кг,products/mini_4230669.jpg,2023-09-26,2023-10-02,,0,339.99,305.99,10,False
4158482,РЕСТОРИЯ Фарш свиной катБ 400г,products/mini_4158482.jpg,2023-09-26,2023-10-02,,0,139.99,119.99,14,False
4243884,ПЕТЕЛИНКА Фарш ПРЕМИУМ из ф.гр.охл.450г,,2023-09-26,2023-10-02,,0,169.99,149.99,11,False
4095299,Язык свиной зам.1кг,products/mini_4095299.jpg,2023-09-26,2023-10-02,,0,429.99,384.99,10,False
3952859,ПЕРВ.СВЕЖ.Филе ЦБ в панировке охл.500г,products/mini_3952859.jpg,2023-09-26,2023-10-02,,0,189.99,159.99,15,False
3474679,МИРАТОРГ Бургер из говядины п/ф охл 200г,products/mini_3474679.jpg,2023-09-26,2023-10-02,,0,149.99,126.99,15,False
4066552,РОКОКО Цыплята табака в обсыпке охл.1кг,products/mini_4066552.jpg,2023-09-14,2023-10-04,,2,299.99,269.99,10,False
4111815,ПАВА ПАВА Шниц.филе гр.инд.спец.охл.300г,,2023-09-26,2023-10-02,,0,184.99,177.99,3,False
4243884,ПЕТЕЛИНКА Фарш ПРЕМИУМ из ф.гр.охл.450г,,2023-09-26,2023-10-02,,0,169.99,149.99,11,False
4252706,ИНДИЛАЙТ Купаты ДЕЛИКАТЕСНЫЕ инд.350г,products/mini_4252706.jpg,2023-09-26,2023-10-02,,0,174.99,149.99,14,False
3628375,ПЕТЕЛИНКА Желудки ЦБ мышеч.охл.500г,,2023-09-26,2023-10-02,,0,154.99,129.99,16,False
3628376,ПЕТЕЛИНКА Печень ЦБ охл.500г,,2023-09-26,2023-10-02,,0,169.99,139.99,17,False
4095299,Язык свиной зам.1кг,products/mini_4095299.jpg,2023-09-26,2023-10-02,,0,429.99,384.99,10,False
4257202,ПЕРВ.СВЕЖ.Печень ЦБ 450г,,2023-09-26,2023-10-02,,0,148.99,129.99,12,False
3035239,БЛИЖНИЕ ГОРКИ Колбаса КРЕМЛЕВСКАЯв/к 1кг,products/mini_3035239.jpg,2023-09-14,2023-10-04,,2,1319.99,769.99,41,False
3347584,МДБ Колб.ДОКТОРСК.вар.в/с б/о в/уп.500г,products/mini_3347584.jpg,2023-09-26,2023-10-02,,0,439.99,229.99,47,False
3380222,ЕГОРЬЕВСК.Колб.БРАУНШВ.с/к в/с нар.100г,products/mini_3380222.jpg,2023-09-26,2023-10-02,,0,229.99,149.99,34,False
3385815,ВЕЛКОМ Колбаса ЯЗЫКОВАЯ кусок в/уп.500г,products/mini_3385815.jpg,2023-09-14,2023-10-04,,2,409.99,259.99,36,False
3437861,CASADEMONT Колбаса ФУЭТ ЭКСТРА с/в 150г,products/mini_3437861.jpg,2023-09-26,2023-10-02,,0,389.99,209.99,46,False
3631119,РУБЛЕВ.Колб.КРАКОВСКАЯ п/к кат.Б 350г,products/mini_3631119.jpg,2023-09-26,2023-10-02,,0,399.99,259.99,35,False
3650519,БЛИЖ.ГОР.Колб.ЯИЧНАЯ лив.п/о кат.А 300г,products/mini_3650519.jpg,2023-09-14,2023-10-04,,2,209.99,129.99,38,False
3654318,БЛИЖ.ГОР.Сервелат ГУРМАН в/к 500г,,2023-09-26,2023-10-02,,0,479.99,259.99,45,False
3661282,ВЕЛИКОЛУК.МК Колб.ДОКТОРСК.ГОСТ вар.500г,products/mini_3661282.jpg,2023-09-26,2023-10-02,,0,279.99,159.99,42,False
3920463,ДЫМ ДЫМ.Колб.ФИРМЕННАЯ п/сух.300г,products/mini_3920463.jpg,2023-09-14,2023-10-04,,2,409.99,199.99,51,False
3931387,ВЕЛКОМ Колб.ТЕЛЯЧЬЯ вар.кат.А в/у 500г,products/mini_3931387.jpg,2023-09-26,2023-10-02,,0,399.99,249.99,37,False
4050746,РУБЛЕВ.Колбаса ДОКТОРСКАЯ вар.кат.А 400г,products/mini_4050746.jpg,2023-09-26,2023-10-02,,0,359.99,199.99,44,False
4069198,РУБЛЕВ.Колбаса РУБЛЕВСКАЯ с/к п/сух.270г,products/mini_4069198.jpg,2023-09-26,2023-10-02,,0,429.99,229.99,46,False
4102213,МД БОРОД.Колб.ДОКТОР.вар.к.А б/о 400г,products/mini_4102213.jpg,2023-09-14,2023-10-04,,2,339.99,219.99,35,False
4104660,АТЯШЕВО Колбаса КРАИНСКАЯ п/к 400г,products/mini_4104660.jpg,2023-09-26,2023-10-02,,0,159.99,109.99,31,False
4221987,БАВАР.Колб.СЕРВ.ФИЛ.С КОП.ГРУД.в/к 350г,products/mini_4221987.jpg,2023-09-14,2023-10-04,,2,259.99,149.99,42,False
4236432,БЛИЖ.ГОР.Колбаса БАЛЫКОВАЯ в/к к.А 350г,products/mini_4236432.jpg,2023-09-26,2023-10-02,,0,389.99,189.99,51,False
4236936,ВЕЛМИТ Кол.САЛ.НЕЖ.с/к м.пт.фир.сор.200г,products/mini_4236936.jpg,2023-09-26,2023-10-02,,0,249.99,129.99,48,False
4268939,ЧЕРКИЗ.Колбаса САЛЬЧИЧОН с/к п/сух.300г,,2023-09-14,2023-10-04,,2,459.99,289.99,36,False
4269692,МЯС.ФЕРМА Колбаса КРАКОВ.п/к кат.Б 350г,,2023-09-14,2023-10-04,,2,209.99,199.99,4,False
4277253,ВЯЗАНКА Колбаса МОЛОКУША вар.450г,products/mini_4277253.jpg,2023-09-26,2023-10-02,,0,249.99,149.99,40,False
4278547,DELIKAISER Колбаса КЛАССИЧЕСКАЯ вар.400г,,2023-09-14,2023-10-04,,2,229.99,99.99,56,False
4284558,РУБЛЕВ.Колб.САЛЬЧИЧОН с/к п/сух.к.Б 1кг,,2023-09-14,2023-10-04,,2,1569.99,939.99,40,False
4291310,ВЛАД.СТАНД.Колб.КРЕМ.С ГРУД.п/к к.В 300г,,2023-09-26,2023-10-02,,0,229.99,119.99,47,False
4291533,МДБ Колбаса МОСКОВСКАЯ в/к кат.А 320г,,2023-09-26,2023-10-02,,0,569.99,399.99,29,False
78001451,РУБЛЕВ.Колбаса ДОКТОРСКАЯ вар.кат.А 1кг,products/mini_78001451.jpg,2023-09-14,2023-10-04,,2,899.99,579.99,35,False
3365796,ВЕЛКОМ Ветчина из окорока в/у кусок 500г,products/mini_3365796.jpg,2023-09-14,2023-10-04,,2,419.99,259.99,38,False
3630235,ОСТАН.Грудинка ОСОБАЯ в/к м/кус.в/у 300г,products/mini_3630235.jpg,2023-09-26,2023-10-02,,0,289.99,179.99,37,False
3670827,МДБ Карбонад свин.к/в кус.в/у 300г,products/mini_3670827.jpg,2023-09-14,2023-10-04,,2,399.99,259.99,35,False
3677037,ЧЕРКИЗ.Прод.мяс.ЛОПАТКА ФЕРМЕР.в/к 1кг,products/mini_3677037.jpg,2023-09-14,2023-10-04,,2,789.99,609.99,22,False
4217620,ПАПА МОЖЕТ Свинина ДЕЛИКАТ.к/в к.Б 300г,products/mini_4217620.jpg,2023-09-14,2023-10-04,,2,269.99,179.99,33,False
4252519,РУБЛЕВ.Окорок КЛАССИЧ.св.к/в кат.Б 275г,,2023-09-26,2023-10-02,,0,299.99,219.99,26,False
3206573,ДЫМ ДЫМЫЧ Сардельки С ГОВЯДИНОЙ 1кг,products/mini_3206573.jpg,2023-09-26,2023-10-02,,0,439.99,259.99,40,False
3384387,ВЕЛИКОЛ.МК Сосис.ДЕТСК.и/о цел.з/а 330г,products/mini_3384387.jpg,2023-09-14,2023-10-04,,2,199.99,129.99,35,False
3465555,ПАПА МОЖЕТ Сосиски СОЧНЫЕ п/о 600г,products/mini_3465555.jpg,2023-09-26,2023-10-02,,0,319.99,179.99,43,False
3502098,РУБЛЕВ.Сосиски ДОКТОРСКИЕ вар.480г,products/mini_3502098.jpg,2023-09-14,2023-10-04,,2,289.99,179.99,37,False
3631905,ПАПА МОЖЕТ Сосиски ГРИЛЬ-МАСТЕР 450г,products/mini_3631905.jpg,2023-09-14,2023-10-04,,2,219.99,149.99,31,False
3653933,КЛИН.МК Сосиски КЛИНСКИЕ мга 460г,products/mini_3653933.jpg,2023-09-14,2023-10-04,,2,329.99,209.99,36,False
4008109,ПАПА МОЖЕТ Шпикачки СОЧН.вар.кат.В 400г,products/mini_4008109.jpg,2023-09-14,2023-10-04,,2,279.99,179.99,35,False
4045149,М.РЯД Сосиски СЛИВОЧНЫЕ вар.420г,,2023-09-26,2023-10-02,,0,279.99,139.99,50,False
4097631,МЯС.ФЕРМА Сосиски СЛИВОЧНЫЕ кат.Б 350г,products/mini_4097631.jpg,2023-09-26,2023-10-02,,0,159.99,119.99,25,False
4111710,РУБЛЕВ.Сосиски ВЕНСКИЕ вар.к.Б МГС 330г,,2023-09-14,2023-10-04,,2,259.99,189.99,26,False
4125461,РУБЛЕВ.Сардельки ДОКТОРСКИЕ вар.к.Б 400г,products/mini_4125461.jpg,2023-09-14,2023-10-04,,2,329.99,229.99,30,False
4169220,ИНДИЛАЙТ Сосиски ГРАНДОС м.инд.вар.440г,products/mini_4169220.jpg,2023-09-26,2023-10-02,,0,279.99,179.99,35,False
4222124,ВЕЛКОМ Сосиски МОЛОЧНЫЕ вар.кат.Б 450г,products/mini_4222124.jpg,2023-09-26,2023-10-02,,0,339.99,179.90,47,False
4222125,ВЕЛКОМ Сосиски С СЫРОМ вар.кат.В 450г,,2023-09-26,2023-10-02,,0,329.99,199.99,39,False
3048274,Пельмени Останкинские Традиционные 900г,products/mini_3048274.jpg,2023-09-26,2023-10-02,,0,329.99,214.99,34,False
3438373,ГОР.ШТУЧ.Пельмени БУЛЬМЕНИ сл.масл.430г,products/mini_3438373.jpg,2023-09-26,2023-10-02,,0,169.99,109.99,35,False
3508000,МЯС.ДВОР.ХАЛЯЛЬ Пельмени СИБИРСКИЕ 800г,products/mini_3508000.jpg,2023-09-14,2023-10-04,,2,619.99,249.99,59,False
3666702,ЦЕЗАРЬ Пельмени ГОРДОСТЬ СИБИРИ 800г,products/mini_3666702.jpg,2023-09-26,2023-10-02,,0,599.99,299.99,50,False
3666703,ЦЕЗАРЬ Пельмени КЛАССИКА 800г,products/mini_3666703.jpg,2023-09-26,2023-10-02,,0,599.99,299.99,50,False
3669807,ЦЕЗАРЬ Пельмени ИМПЕРАТОР 800г,products/mini_3669807.jpg,2023-09-14,2023-10-04,,2,659.99,399.99,39,False
3933167,BIBIGO Дамплинги КОРОЛЕВСКИЕ зам.385г,products/mini_3933167.jpg,2023-09-14,2023-10-04,,2,415.99,259.99,37,False
4075006,SИБИР.КОЛЛ.Пельмени со сливк.кат.В 700г,products/mini_4075006.jpg,2023-09-26,2023-10-02,,0,579.99,289.99,50,False
4117267,SИБ.КОЛ.Пельм.СОЧНЫЕ с фарш.мол.к.В 700г,products/mini_4117267.jpg,2023-09-14,2023-10-04,,2,359.99,209.99,41,False
3054891,4 СЕЗОНА Блюдо ФОНДЮ ЭМЕНТАЛЬ 600г,products/mini_3054891.jpg,2023-09-14,2023-10-04,,2,599.99,424.99,29,False
3274411,МИРАТОРГ Наггетсы куриные с сыром 300г,products/mini_3274411.jpg,2023-09-26,2023-10-02,,0,229.99,139.99,39,False
3388203,ГОР.ШТУЧ.Изд.БЕЛЬМЕШИ гот.мясосод.300г,products/mini_3388203.jpg,2023-09-14,2023-10-04,,2,189.99,129.99,31,False
3416332,ГОР.ШТУЧ.Чебупицца Пепперони 250г,products/mini_3416332.jpg,2023-09-26,2023-10-02,,0,189.99,129.99,31,False
3434303,МИРАТОРГ Кордон блю с сыром/ветчин.405г,products/mini_3434303.jpg,2023-09-14,2023-10-04,,2,279.99,249.99,10,False
3621247,РОС.КОР.Жюльен из курицы с грибами 250г,products/mini_3621247.jpg,2023-09-14,2023-10-04,,2,239.99,159.99,33,False
4060840,ЛОЖКАРЕВЪ Котлеты ПО-ДОМАШ.к.Б зам.400г,products/mini_4060840.jpg,2023-09-26,2023-10-02,Купи от 2 штук по цене 79.99,0,149.99,94.99,36,False
4060844,ЛОЖКАРЕВЪ Котлеты КУРИНЫЕ в пан.зам.400г,products/mini_4060844.jpg,2023-09-14,2023-10-04,,2,147.99,99.99,32,False
4078158,ТВИСТЕР Мини чебуреки с мяс.жар.зам.300г,products/mini_4078158.jpg,2023-09-26,2023-10-02,,0,99.99,79.99,20,False
4190525,ГОР.ШТУЧ.Наггетсы НАГЕТ.СОЧ.КУР.зам.250г,products/mini_4190525.jpg,2023-09-14,2023-10-04,,2,194.99,129.99,33,False
4201709,РЕСТОРИЯ Пицца БАВАРСКАЯ римск.зам.340г,products/mini_4201709.jpg,2023-09-26,2023-10-02,,0,499.99,399.99,20,False
4216524,ZOTMAN Пицца ПЕППЕРОНИ ICE зам.400г,,2023-09-14,2023-10-04,,2,429.99,384.99,10,False
66259,Морож.ФИЛЕВ.ЛАКОМКА пломбир шок/глаз.90г,products/mini_66259.jpg,2023-09-14,2023-10-04,,2,64.99,57.99,10,False
3409412,АЙС-ФИЛИ Морожен.пломб.ван.мдж 12% 450г,products/mini_3409412.jpg,2023-09-14,2023-10-04,,2,299.99,239.99,20,False
3603591,ВОЛОГОД.ПЛОМБ.Морож.пломб.ваф.ст15% 100г,products/mini_3603591.jpg,2023-09-14,2023-10-04,,2,69.99,49.99,28,False
3953305,ВОЛОГОД.ПЛ.Мор.пл.вар.сг.мол.в/ст15%100г,products/mini_3953305.jpg,2023-09-14,2023-10-04,,2,69.99,54.99,21,False
4053680,БЗМЖ САРАФ.Мор.пл.ван.ваф.рож.15% 110г,products/mini_4053680.jpg,2023-09-26,2023-10-02,,0,94.99,74.99,21,False
4069595,ЧИСТ.ЛИН.Мор.пломб.ван.сах.в/рож.12%110г,products/mini_4069595.jpg,2023-09-26,2023-10-02,,0,139.99,104.99,25,False
4279656,LАVELEE Морож.ДИКАЯ ГОЛ.В ЙОГ.эск.5%85мл,,2023-09-26,2023-10-02,,0,169.99,134.99,20,False
3228640,GL.VILLAGE Капуста цветная зам.400г,products/mini_3228640.jpg,2023-09-14,2023-10-04,,2,139.99,99.99,28,False
3377662,VИТАМ.Смесь ИСПАН.С СОУСОМ РИВЕЙРА 400г,products/mini_3377662.jpg,2023-09-14,2023-10-04,,2,209.99,169.99,19,False
3444752,HORTEX Капуста цветная б/зам 400г,products/mini_3444752.jpg,2023-09-14,2023-10-04,,2,149.99,109.99,26,False
4072221,GL.VILLAGE Смесь КАРИБСКАЯ С СОУСОМ 400г,products/mini_4072221.jpg,2023-09-26,2023-10-02,,0,229.99,189.99,17,False
4087708,GL.VILLAGE Малина быcтрозам.300г,products/mini_4087708.jpg,2023-09-14,2023-10-04,,2,229.99,189.99,17,False
3465904,ТЕНДЕР Икра лососевая ж/б 95г,products/mini_3465904.jpg,2023-09-26,2023-10-02,,0,499.99,429.99,14,False
4067246,F.HOUSE Икра трески стерилизованная 185г,products/mini_4067246.jpg,2023-09-14,2023-10-04,,2,134.99,122.99,8,False
4255613,СОК.ОКЕАНА Икра минт.сол.неп.ж/б 120г,,2023-09-26,2023-10-02,,0,79.99,64.99,18,False
3400865,МЕРИД.Палочки КРАБ.д/салата имит.в/у200г,products/mini_3400865.jpg,2023-09-26,2023-10-02,,0,129.99,99.99,23,False
3294613,FISH HOUSE Пресервы мидии в масле 150г,products/mini_3294613.jpg,2023-09-26,2023-10-02,,0,129.99,89.99,30,False
4255354,МЕРИД.Кокт.морск.с краб.пал.сол.в/р 180г,,2023-09-26,2023-10-02,,0,129.99,99.99,23,False
4118408,САН.БР.Масло БУТЕРБРОДНОЕ лососевое 100г,products/mini_4118408.jpg,2023-09-26,2023-10-02,,0,59.99,46.99,21,False
4271830,МИРАМАР Риет горб/трес.соус.тер.100г,,2023-09-26,2023-10-02,,0,129.99,109.99,15,False
3361889,F.HOUSE Филе сельди оригинальное 250г,products/mini_3361889.jpg,2023-09-26,2023-10-02,,0,134.99,109.99,18,False
3361891,F.HOUSE Филе сельди с приправами 250г,products/mini_3361891.jpg,2023-09-26,2023-10-02,,0,134.99,109.99,18,False
3406075,ЗОЛОТ.FISHКА Килька СЕРЕБР.ВОЛНА 180г,products/mini_3406075.jpg,2023-09-26,2023-10-02,,0,89.99,74.99,16,False
3601472,КР.ЦЕНА Форель филе кус.с/с 150г,products/mini_3601472.jpg,2023-09-26,2023-10-02,,0,249.99,219.99,12,False
3671587,3FISH Семга наб.к пиву с/с 130г,products/mini_3671587.jpg,2023-09-26,2023-10-02,,0,99.99,84.99,15,False
4034451,МАТ.Сел.XXL ОТБ.атл.ф/к с/с в/м ст/б260г,products/mini_4034451.jpg,2023-09-14,2023-10-04,,2,209.99,169.99,19,False
4147551,ЗОЛ.FISH.Сельдь ПО-ШВЕД.атл.ф/к асс.300г,products/mini_4147551.jpg,2023-09-26,2023-10-02,,0,159.99,134.99,15,False
3022552,Анчоус Сухогруз 70г,products/mini_3022552.jpg,2023-09-26,2023-10-02,,0,134.99,109.99,18,False
3193121,СУХОГРУЗ Ставридка сушеная 70г,products/mini_3193121.jpg,2023-09-26,2023-10-02,,0,174.99,139.99,20,False
3254422,FISH HOUSE Соломка горбуш.вял.кл.40г,products/mini_3254422.jpg,2023-09-26,2023-10-02,,0,95.49,69.99,26,False
3621748,ОТ РЫБАКОВ Лещ вяленый в/у 300г,products/mini_3621748.jpg,2023-09-26,2023-10-02,,0,129.99,109.99,15,False
4245021,POLAR Треугольники тресковые зам.300г,products/mini_4245021.jpg,2023-09-26,2023-10-02,,0,129.99,99.99,23,False
3492203,VICI Филе ДАЛЬНЕВОСТОЧ.рыбн.панир.300г,products/mini_3492203.jpg,2023-09-26,2023-10-02,,0,269.99,179.99,33,False
3626338,F.HOUSE Треска филе зам.600г,products/mini_3626338.jpg,2023-09-26,2023-10-02,,0,389.99,299.99,23,False
3635799,F.HOUSE Креветки сред.неразд.в панц.500г,products/mini_3635799.jpg,2023-09-26,2023-10-02,,0,499.99,359.99,28,False
3646272,F. HOUSE Морской коктейль зам.400г,products/mini_3646272.jpg,2023-09-26,2023-10-02,,0,239.99,179.99,25,False
3907658,POLAR Форель стейк зам.в/у 500г,products/mini_3907658.jpg,2023-09-14,2023-10-04,,2,799.99,679.99,15,False
3970776,VICI Крев.КОРОЛ.бел.н/р пр.в/м50/70 450г,products/mini_3970776.jpg,2023-09-14,2023-10-04,,2,549.99,319.99,41,False
4152198,ДОБРОФЛ.Фарш минтая зам.520г,products/mini_4152198.jpg,2023-09-14,2023-10-04,,2,219.99,179.99,18,False
4154648,КАП.НОРД Мясо мидий в/м 400г,products/mini_4154648.jpg,2023-09-26,2023-10-02,,0,249.99,169.99,32,False
4244783,КР.ЦЕНА Креветки КОРОЛЕВ.бел.н/р в/м 1кг,products/mini_4244783.jpg,2023-09-26,2023-10-02,,0,599.99,479.99,20,False
4270709,BOREALIS Минт.т/о филе б/кожи зам.400г,,2023-09-26,2023-10-02,,0,286.99,209.99,26,False
3411130,РЫБ.МИЛ.Горбуша кус.косичка х/к в/у 200г,products/mini_3411130.jpg,2023-09-26,2023-10-02,,0,249.99,209.99,16,False
4228794,F.HOUSE Мойва х/к неразд.200г,products/mini_4228794.jpg,2023-09-26,2023-10-02,,0,149.99,99.99,33,False
4283150,EXTRA FISH Рыба мас.ф-кус.с кож.х/к 200г,,2023-09-26,2023-10-02,,0,319.99,269.99,15,False
3986506,TWISTER Картоф.хруст.со вк.смет/лук.150г,products/mini_3986506.jpg,2023-09-26,2023-10-02,,0,109.99,94.99,13,False
3986507,TWISTER Картофель хруст.со вк.краба 150г,products/mini_3986507.jpg,2023-09-26,2023-10-02,,0,109.99,94.99,13,False
4086621,TWISTER Картофель вкус.паприки хр.150г,products/mini_4086621.jpg,2023-09-26,2023-10-02,,0,109.99,94.99,13,False
3500625,ЯБЛОКОВ Чипсы ябл.из кисло-сладких 25г,products/mini_3500625.jpg,2023-09-14,2023-10-04,,2,109.99,79.99,27,False
4061907,TWISTER Карт.вк.бел.гриб.в сл/с хр.150г,products/mini_4061907.jpg,2023-09-26,2023-10-02,,0,109.99,94.99,13,False
4062940,TWISTER Картофель вк.колб.гр.горч.хр150г,products/mini_4062940.jpg,2023-09-26,2023-10-02,,0,109.99,94.99,13,False
3022552,Анчоус Сухогруз 70г,products/mini_3022552.jpg,2023-09-26,2023-10-02,,0,134.99,109.99,18,False
3193121,СУХОГРУЗ Ставридка сушеная 70г,products/mini_3193121.jpg,2023-09-26,2023-10-02,,0,174.99,139.99,20,False
3254422,FISH HOUSE Соломка горбуш.вял.кл.40г,products/mini_3254422.jpg,2023-09-26,2023-10-02,,0,95.49,69.99,26,False
3621748,ОТ РЫБАКОВ Лещ вяленый в/у 300г,products/mini_3621748.jpg,2023-09-26,2023-10-02,,0,129.99,109.99,15,False
3370312,КУЗЯ ЛАК.Палочки КУК.сах.пуд.с/з140г,products/mini_3370312.jpg,2023-09-26,2023-10-02,,0,84.99,49.99,41,False
3922199,УХТЫШКИ Палочки кукурузные сладкие 140г,products/mini_3922199.jpg,2023-09-26,2023-10-02,,0,59.99,42.99,28,False
3348828,Семечки ОТ МАРТИНА белые соленые 100г,products/mini_3348828.jpg,2023-09-26,2023-10-02,,0,71.99,64.99,9,False
3469303,ОТ МАРТИНА Семечки чер.обж.мор.соль 100г,products/mini_3469303.jpg,2023-09-26,2023-10-02,,0,69.99,49.99,28,False
3661124,МАРТИН Сем.ОТ МАРТ.ПОЛ.обж.отб.с/с 150г,products/mini_3661124.jpg,2023-09-14,2023-10-04,,2,122.99,109.99,10,False
4082127,MIXBAR Семена подсолнечника жар.200г,products/mini_4082127.jpg,2023-09-14,2023-10-04,,2,59.99,44.99,25,False
4125073,MIXBAR Ядра семян тыквы Premium 150г,products/mini_4125073.jpg,2023-09-14,2023-10-04,,2,194.99,159.99,17,False
3336645,МАХЕЕВЪ Джем ЧЕРНИЧНЫЙ 300г,products/mini_3336645.jpg,2023-09-14,2023-10-04,,2,129.99,109.99,15,False
3369992,МАХЕЕВЪ Джем Клубничный д/п 300г,products/mini_3369992.jpg,2023-09-14,2023-10-04,,2,129.99,109.99,15,False
3383508,ВАРЕНЬКА Варенье КЛУБНИЧНОЕ ст/б 380г,products/mini_3383508.jpg,2023-09-14,2023-10-04,,2,149.99,124.99,16,False
3383509,ВАРЕНЬКА Варенье АБРИКОСОВОЕ ст/б 380г,products/mini_3383509.jpg,2023-09-14,2023-10-04,,2,149.99,124.99,16,False
3383511,ВАРЕНЬКА Варенье МАЛИНОВОЕ ст/б 380г,products/mini_3383511.jpg,2023-09-14,2023-10-04,,2,209.99,174.99,16,False
3426326,МЕД.КРАЙ Мед РАЗНОТРАВЬЕ натур.цвет.500г,products/mini_3426326.jpg,2023-09-14,2023-10-04,,2,199.99,179.99,10,False
3443586,МАХЕЕВЪ Джем ВИШНЕВЫЙ дой-пак 300г,products/mini_3443586.jpg,2023-09-14,2023-10-04,,2,129.99,109.99,15,False
3662629,К.Д.ПОС.Сироп из топинамб.натур.330г,products/mini_3662629.jpg,2023-09-14,2023-10-04,,2,229.99,189.99,17,False
4038129,МАХЕЕВЪ Топпинг МЯГКАЯ КАРАМЕЛЬ 300г,products/mini_4038129.jpg,2023-09-14,2023-10-04,,2,129.99,109.99,15,False
4177752,ВАРЕНЬКА Варенье черносмородиновое 380г,products/mini_4177752.jpg,2023-09-14,2023-10-04,,2,149.99,124.99,16,False
4269878,КАРАВАН-САРАЙ Халва подсолн.с арах.350г,products/mini_4269878.jpg,2023-09-26,2023-10-02,,0,94.99,79.99,15,False
4087470,КАРАВАН-САРАЙ Вост.слад.ЩЕРБ.мол-ар.250г,products/mini_4087470.jpg,2023-09-14,2023-10-04,,2,69.99,59.99,14,False
3170296,РОТ ФРОНТ Халва с миндалем 250г,products/mini_3170296.jpg,2023-09-14,2023-10-04,,2,239.99,159.99,33,False
4087469,КАРАВАН-САРАЙ Вост.слад.РАХ-ЛУК.ар.300г,products/mini_4087469.jpg,2023-09-14,2023-10-04,,2,99.99,69.99,30,False
4090894,ШАРЛИЗ Халва подсолнечная гл.1кг,products/mini_4090894.jpg,2023-09-14,2023-10-04,,2,339.99,279.99,17,False
4278736,РОТ ФРОНТ Халва глазир.шок.глазурью 370г,,2023-09-14,2023-10-04,,2,399.99,279.99,30,False
10795,ШАРМЭЛЬ Зефир КЛАСС.в шокол250г,products/mini_10795.jpg,2023-09-26,2023-10-02,,0,299.99,249.99,16,False
4086820,ШАРЛИЗ Пастила БЕЛЕВСКАЯ кедр.орех.200г,products/mini_4086820.jpg,2023-09-14,2023-10-04,,2,219.99,189.99,13,False
3406629,ШАРЛИЗ Зефир гл.конд.глаз.ар.ванили 240г,products/mini_3406629.jpg,2023-09-26,2023-10-02,,0,99.99,89.99,10,False
4091389,ШАРЛИЗ Зефир клюквенный 180г,products/mini_4091389.jpg,2023-09-14,2023-10-04,,2,74.99,64.99,13,False
4091390,ШАРЛИЗ Зефир ванильный 180г,products/mini_4091390.jpg,2023-09-14,2023-10-04,,2,74.99,64.99,13,False
4101229,ШАРЛИЗ Зефир бело-розовый 180г,products/mini_4101229.jpg,2023-09-14,2023-10-04,,2,74.99,64.99,13,False
4113957,SBOX.CL.Марм.вк.ап/яб/кл/п/м.под.д/м.10г,products/mini_4113957.jpg,2023-09-14,2023-10-04,,2,198.99,149.99,24,False
4113958,SBOX.CL.Марм.вк.ап/яб/кл/п/м.под.д/д.10г,products/mini_4113958.jpg,2023-09-14,2023-10-04,,2,198.99,149.99,24,False
4121693,CHUPA CHUPS Марм.РОЛ.экст.ап-лим.вк.150г,products/mini_4121693.jpg,2023-09-14,2023-10-04,,2,139.99,99.99,28,False
4122124,CHUPA CHUPS Мармелад ФАН.экст.фр.вк.150г,products/mini_4122124.jpg,2023-09-14,2023-10-04,,2,139.99,99.99,28,False
4152129,ШАРЛИЗ Зефир БЕЛЕВСКИЙ АНТОНОВКА 250г,products/mini_4152129.jpg,2023-09-14,2023-10-04,,2,189.99,159.99,15,False
4152130,ШАРЛИЗ Пастила БЕЛЕВ.КЛАССИЧЕСКАЯ 200г,products/mini_4152130.jpg,2023-09-14,2023-10-04,,2,189.99,159.99,15,False
4239079,ПРАВ.СЛАД.Пастилки сливовые 70г,,2023-09-14,2023-10-04,,2,62.99,52.99,15,False
3626932,7DAYS Круассаны мини с крем.какао 105г,products/mini_3626932.jpg,2023-09-14,2023-10-04,,2,74.99,54.99,26,False
3900907,ШАРЛИЗ Мини круассаны с крем.какао 200г,products/mini_3900907.jpg,2023-09-26,2023-10-02,,0,89.99,79.99,11,False
3900908,ШАРЛИЗ Мини круассаны с крем.вк.ван.200г,products/mini_3900908.jpg,2023-09-26,2023-10-02,,0,89.99,79.99,11,False
3900909,ШАРЛИЗ Мини круасс.с крем.вк.вар.сг.200г,products/mini_3900909.jpg,2023-09-26,2023-10-02,,0,89.99,79.99,11,False
3900912,ШАРЛИЗ Мини круассаны с нач.Клубника200г,products/mini_3900912.jpg,2023-09-26,2023-10-02,,0,89.99,79.99,11,False
4102507,Изд.х/б КРЕМОБОН классический 380г,products/mini_4102507.jpg,2023-09-14,2023-10-04,,2,259.99,189.99,26,False
2157514,Паста NUTELLA ореховая с доб.какао 350г,products/mini_2157514.jpg,2023-09-26,2023-10-02,,0,459.99,329.99,28,False
4113879,MILKA Паста орех.с добавлением какао350г,products/mini_4113879.jpg,2023-09-26,2023-10-02,,0,496.99,369.99,25,False
21473,TOFFIFEE Конфеты 125г,products/mini_21473.jpg,2023-09-26,2023-10-02,,0,219.99,134.90,38,False
5232,КОМИЛЬФО Конф.ФИСТАШКА шок.с двух.н.116г,products/mini_5232.jpg,2023-09-14,2023-10-04,,2,429.99,269.99,37,False
17885,ЧУПА ЧУПС Карам.ЭКЗ-ТРОПИК с нат.сок.12г,products/mini_17885.jpg,2023-09-14,2023-10-04,,2,10.99,8.99,18,False
22245,MERCI Наб.кон.шок.ассорт.с нач.и б/н250г,products/mini_22245.jpg,2023-09-26,2023-10-02,,0,549.99,249.99,54,False
41334,БОН ПАРИ Леденцы АССОРТИ фруктовые 75г,products/mini_41334.jpg,2023-09-14,2023-10-04,,2,69.99,44.99,35,False
2057839,Конфеты БАТОНЧИК РОТ ФРОНТ 250г,products/mini_2057839.jpg,2023-09-26,2023-10-02,,0,219.99,129.99,40,False
3498891,HALLS Карам.лед.мед/лимон 25г,products/mini_3498891.jpg,2023-09-14,2023-10-04,,2,44.99,39.99,11,False
3498892,HALLS Карам.COLORS АССОРТИ лед.25г,products/mini_3498892.jpg,2023-09-14,2023-10-04,,2,44.99,39.99,11,False
3498896,"HALLS Карам.МЕНТ.ЭКСТ.лед.мент/эвк.24,5г",products/mini_3498896.jpg,2023-09-14,2023-10-04,,2,44.99,39.99,11,False
3611870,КР.ОКТЯБРЬ Конф.МИШКА КОСОЛАПЫЙ 200г,products/mini_3611870.jpg,2023-09-26,2023-10-02,,0,329.99,159.99,51,False
3619012,WER.ORIG.Карамель слив.50г,products/mini_3619012.jpg,2023-09-14,2023-10-04,,2,69.99,49.99,28,False
3992365,MILKA Конфеты мол.шок.орех.нач.110г,products/mini_3992365.jpg,2023-09-26,2023-10-02,,0,279.99,189.99,32,False
4124907,CHUPA CHUPS Карамель КИС.вк.яб/в/л/ап12г,products/mini_4124907.jpg,2023-09-14,2023-10-04,,2,9.99,7.99,20,False
4158069,КОРКУНОВ Кол.плит.шок.мол/тем/м.фун.131г,products/mini_4158069.jpg,2023-09-26,2023-10-02,,0,429.99,249.99,41,False
4232923,MILLA VAN.Конф.ТРЮФЕЛЬ КЛАСС.неглаз.200г,products/mini_4232923.jpg,2023-09-26,2023-10-02,,0,159.99,129.99,18,False
4273338,MIL.VANIL.Конфеты с нач.кок.стр.гл.150г,products/mini_4273338.jpg,2023-09-26,2023-10-02,,0,129.99,99.99,23,False
4284962,LENCO Карамель МОНСТРИКИ АССОРТИ лед.11г,,2023-09-14,2023-10-04,,2,34.99,26.99,22,False
4297371,КОРКУНОВ Кол.конф.т/м.шок/фун/ваф/ор165г,products/mini_4297371.jpg,2023-09-14,2023-10-04,,2,569.99,399.99,29,False
2023501,ПОСИДЕЛКИНО Печен.ОВС.класс320г,products/mini_2023501.jpg,2023-09-14,2023-10-04,,2,94.99,69.99,26,False
3206240,ОР.Изд.ЧОКО П.конд.мучн.в гл.с об.д.180г,products/mini_3206240.jpg,2023-09-26,2023-10-02,,0,89.99,69.99,22,False
3358736,КУХМАС.ПеченьеКЛУБНИЧНЫЕ ТАРТАЛЕТКИ240г,products/mini_3358736.jpg,2023-09-14,2023-10-04,,2,94.99,79.99,15,False
3414723,БЕЛОГОРЬЕ Печенье ГОСТОВСКОЕ затяж.240г,products/mini_3414723.jpg,2023-09-14,2023-10-04,,2,55.99,44.99,19,False
3474314,OREO Печенье с какао/нач.с ван.вкус.228г,products/mini_3474314.jpg,2023-09-14,2023-10-04,,2,179.99,149.99,16,False
3632837,BELVITA Печенье УТРЕН.фунд/мед.вит.225г,products/mini_3632837.jpg,2023-09-26,2023-10-02,,0,146.99,89.99,38,False
3632838,BELVITA Печенье УТРЕН.злак.хлоп.вит.225г,products/mini_3632838.jpg,2023-09-26,2023-10-02,,0,146.99,89.99,38,False
3632839,BELVITA Печенье УТР.СЭНД.зл/йог.нач.253г,products/mini_3632839.jpg,2023-09-14,2023-10-04,,2,186.99,129.99,30,False
3632899,BELVITA Печен.УТР.СЭНД.зл/как/йог.н.253г,products/mini_3632899.jpg,2023-09-14,2023-10-04,,2,186.99,129.99,30,False
3670173,КРЕМЕНК.Печенье СЛИВОЧНОЕ затяж.180г,products/mini_3670173.jpg,2023-09-26,2023-10-02,,0,59.99,39.99,33,False
3978460,ORION Изд.конд.CH.PIE RAS.в гл.360г,products/mini_3978460.jpg,2023-09-14,2023-10-04,,2,219.99,169.99,22,False
3979814,LOTTE Печ.ЧОКОП.С АРОМ.БАН.просл.гл.336г,products/mini_3979814.jpg,2023-09-26,2023-10-02,,0,199.99,159.99,20,False
4001788,ШАРЛИЗ Печенье КУРАБ.С ЯБЛ.ПОВ.сдоб.300г,products/mini_4001788.jpg,2023-09-14,2023-10-04,,2,93.99,62.99,32,False
4009452,ПОЛЕТ Десерт ЛИМОНЬЕРКИ сл.ябл.кор.300г,,2023-09-14,2023-10-04,,2,159.99,124.99,21,False
4053045,MILKA Печ-пал.LILA STICKS пок.м/шок.112г,products/mini_4053045.jpg,2023-09-14,2023-10-04,,2,159.99,129.99,18,False
4122161,ЛЮБЯТОВО Печенье МАРИЯ ТРАДИЦ.зат.156г,products/mini_4122161.jpg,2023-09-14,2023-10-04,,2,52.99,42.99,18,False
4189749,ЗЕРНИЦА Печенье ОВСЯНОЕ классич.350г,,2023-09-26,2023-10-02,,0,89.99,79.99,11,False
4189750,ЗЕРНИЦА Печенье ОВСЯНОЕ кус.шок.350г,,2023-09-26,2023-10-02,,0,89.99,79.99,11,False
3395342,EGOISTE Кофе NOIR зер.м/у 250г,products/mini_3395342.jpg,2023-09-14,2023-10-04,,2,599.99,529.99,11,False
3489538,JARD.Кофе AMERIC.CREMA жар.зер.1000г,products/mini_3489538.jpg,2023-09-14,2023-10-04,,2,1559.00,1149.00,26,False
4089752,VENETTO Кофе натуральный жареный зер.1кг,products/mini_4089752.jpg,2023-09-26,2023-10-02,,0,1199.99,1079.99,10,False
4254827,MACCOFFEE Кофе P.ES.FOR.жар.нат.зер.250г,products/mini_4254827.jpg,2023-09-14,2023-10-04,,2,319.99,219.99,31,False
6134,MACCOFFEE Нап.коф.раств.3в1 м/у 20г,products/mini_6134.jpg,2023-09-14,2023-10-04,,2,16.49,13.99,15,False
3419749,NESC.Кофе GOLD BARISTA раст.ст/б 85г,products/mini_3419749.jpg,2023-09-26,2023-10-02,,0,579.99,299.99,48,False
3651382,EGOISTE Кофе NOIR 100% нат.раст.субл100г,products/mini_3651382.jpg,2023-09-14,2023-10-04,,2,599.99,449.99,25,False
3659496,NESC.Кофе GOLD нат.рас.доб.мол.95г,products/mini_3659496.jpg,2023-09-26,2023-10-02,,0,519.99,299.99,42,False
3691889,FRESCO Кофе DOPPIO раст.убл.доб.мол.100г,products/mini_3691889.jpg,2023-09-14,2023-10-04,,2,469.99,274.99,41,False
4020246,VENETTO Кофе раст.субл.95г,products/mini_4020246.jpg,2023-09-26,2023-10-02,,0,219.99,194.99,11,False
4069896,VENETTO Кофе нат.раст.субл.доб.мол.95г,products/mini_4069896.jpg,2023-09-26,2023-10-02,,0,219.99,194.99,11,False
4096124,"MACCOFFEE Нап.CAP.DI TOR.коф.т.шок.25,5г",products/mini_4096124.jpg,2023-09-26,2023-10-02,,0,27.49,22.99,16,False
4146703,NESC.Кофе CLASSIC нат.раст.пор.320г,products/mini_4146703.jpg,2023-09-14,2023-10-04,,2,625.99,399.99,36,False
4181888,VENETTO Кофе INTENSE раст.субл.95г,products/mini_4181888.jpg,2023-09-26,2023-10-02,,0,219.99,194.99,11,False
4221917,"JACOBS Напиток КЛАС.коф.раст.3в1 13,5г",products/mini_4221917.jpg,2023-09-26,2023-10-02,,0,17.99,14.99,16,False
4249220,NESC.Кофе CL.CR.нат.раст.пор-бр.190г,products/mini_4249220.jpg,2023-09-14,2023-10-04,,2,489.99,299.99,38,False
4257172,MIGEL Кофе GOLD нат.раст.субл.150г,products/mini_4257172.jpg,2023-09-14,2023-10-04,,2,259.99,232.99,10,False
4266111,VENETTO Кофе раст.субл.130г,products/mini_4266111.jpg,2023-09-26,2023-10-02,,0,259.99,234.99,9,False
4291299,MONARCH Кофе ORIGIN.IN.нат.раст.субл.95г,products/mini_4291299.jpg,2023-09-26,2023-10-02,,0,506.99,299.99,40,False
4291309,MONARCH Кофе ORIGINAL нат.раст.субл.190г,products/mini_4291309.jpg,2023-09-26,2023-10-02,,0,799.99,419.99,47,False
4291329,MONARCH Кофе CAR.нат.раст.суб.ар.кар.95г,products/mini_4291329.jpg,2023-09-26,2023-10-02,,0,499.99,329.99,34,False
4307722,MONARCH Кофе ORIGINAL нат.раст.субл.210г,products/mini_4307722.jpg,2023-09-26,2023-10-02,,0,939.99,479.99,48,False
2042286,Чай CHAMPION черный цейлон.100г,products/mini_2042286.jpg,2023-09-14,2023-10-04,,2,199.99,149.99,25,False
3328839,АКБАР Чай CEYLON чер.пак.100х2г,products/mini_3328839.jpg,2023-09-14,2023-10-04,,2,359.99,229.99,36,False
5051,AHM.TEA Чай EARL GREY 25х2г,products/mini_5051.jpg,2023-09-14,2023-10-04,,2,144.99,109.99,24,False
14858,AHM.TEA Чай EARL GREY 100г,products/mini_14858.jpg,2023-09-14,2023-10-04,,2,229.99,159.99,30,False
56703,МАЙ Чай ОТБОР.цейл.пакет. 25х2г,products/mini_56703.jpg,2023-09-26,2023-10-02,,0,69.99,56.99,18,False
2053819,B.T.Чай ОПА черн.байх.в/с 250г,products/mini_2053819.jpg,2023-09-14,2023-10-04,,2,354.99,259.99,26,False
2093774,"МАЙ Чай ЛЕСНЫЕ ЯГОДЫ чер.пак.25х1,5г",products/mini_2093774.jpg,2023-09-26,2023-10-02,,0,69.99,56.99,18,False
3440334,RICH.Чай РОЯЛ ЦЕЙЛОН черн.сашет 25x2г,products/mini_3440334.jpg,2023-09-14,2023-10-04,,2,149.99,94.99,36,False
46497,МАЙ Чай КОРОНА РОС.ИМПЕРИИ чер.100х2г,products/mini_46497.jpg,2023-09-14,2023-10-04,,2,279.99,199.99,28,False
3338246,"TESS Чай FOREST DREAM чер.пирам.20х1,8",products/mini_3338246.jpg,2023-09-26,2023-10-02,,0,122.99,79.99,34,False
3373024,"CURTIS Чай SUNNY LEMON чер.20х1,7г",products/mini_3373024.jpg,2023-09-26,2023-10-02,,0,139.99,89.99,35,False
3380947,AHM.TEA Чай EARL GREY 200г,products/mini_3380947.jpg,2023-09-14,2023-10-04,,2,399.99,289.99,27,False
3380950,AHM.TEA Чай CEYLON OR.PEK.чер.байх.200г,products/mini_3380950.jpg,2023-09-14,2023-10-04,,2,399.99,289.99,27,False
3418513,RICН.Чай LORD GR.чер.с ар.берг/лим.25х2г,products/mini_3418513.jpg,2023-09-14,2023-10-04,,2,149.99,94.99,36,False
3439933,АЗЕРЧАЙ Чай чер.байх.кр/лист.букет 200г,products/mini_3439933.jpg,2023-09-14,2023-10-04,,2,319.99,239.99,25,False
3440336,RICH.Чай КОРОЛ.ЦЕЙЛОН лист.черн.90г,products/mini_3440336.jpg,2023-09-14,2023-10-04,,2,169.99,119.99,29,False
3446638,RICHARD Чай РОЯЛ ЦЕЙЛОН чер.байх.100х2г,products/mini_3446638.jpg,2023-09-14,2023-10-04,,2,439.99,269.99,38,False
3450276,"ГРИНФ.Чай СПР.МЕЛ.ч.ар.ф/душ.тр.100х1,5г",products/mini_3450276.jpg,2023-09-14,2023-10-04,,2,469.99,319.99,31,False
3452991,КРЕП.ТРАД.Чай чер.байх.кр/лист.в/с 250г,products/mini_3452991.jpg,2023-09-14,2023-10-04,,2,149.99,134.99,10,False
3473068,RICH.Чай LORD GREY чер.с ар.берг/лим.90г,products/mini_3473068.jpg,2023-09-14,2023-10-04,,2,169.99,119.99,29,False
3489556,"TESS Чай BANANA SPL.ар.кл./бан.чер20х1,8",products/mini_3489556.jpg,2023-09-26,2023-10-02,,0,122.99,79.99,34,False
3499718,RICH.Чай ROYAL EARL GREY чер.берг.100х2г,products/mini_3499718.jpg,2023-09-14,2023-10-04,,2,379.99,269.99,28,False
3605415,AHM.TEA Чай КЛАССИЧ.чер.лист.200г,products/mini_3605415.jpg,2023-09-14,2023-10-04,,2,329.99,224.99,31,False
3650482,"CURTIS Чай BL.BER.B.чер.лист.пир.20x1,8г",products/mini_3650482.jpg,2023-09-14,2023-10-04,,2,129.99,84.99,34,False
3662837,АЗЕРЧАЙ Чай БУКЕТ черн.байх.100x2г,products/mini_3662837.jpg,2023-09-14,2023-10-04,,2,289.99,219.99,24,False
4113979,"AHMAD Чай МАГ.МАНГО чер.вк/ар.ман25х1,5г",products/mini_4113979.jpg,2023-09-14,2023-10-04,,2,159.99,109.99,31,False
4156508,ASSAND Чай КЕНИЙСКИЙ чер.байх.пак.100х2г,products/mini_4156508.jpg,2023-09-26,2023-10-02,,0,239.99,214.99,10,False
4158428,"RICH.Чай Р.П.ЭНД М.чер.ар.п/мят.25х1,7г",,2023-09-14,2023-10-04,,2,149.99,94.99,36,False
4179331,"ASSAND Чай черн.байх.ар.с доб.100x1,5г",products/mini_4179331.jpg,2023-09-26,2023-10-02,,0,239.99,214.99,10,False
3906534,ЗЕЛ.ПАН.Чай МОЛ.ТУМ.оол.мол.кит.кр/л100г,products/mini_3906534.jpg,2023-09-14,2023-10-04,,2,256.99,169.99,33,False
2085291,AHM.TEA Чай зеленый с жасмином пак.25х2г,products/mini_2085291.jpg,2023-09-14,2023-10-04,,2,146.99,99.99,31,False
2147895,GREENF.Чай Fl.Dragon gr.пак.100х2г,products/mini_2147895.jpg,2023-09-14,2023-10-04,,2,479.99,319.99,33,False
3379939,"CURTIS Чай FRESH MOJITOзел.ар.пак20х1,7г",products/mini_3379939.jpg,2023-09-26,2023-10-02,,0,139.99,89.99,35,False
3482097,"CURTIS Чай HUGO COCKT.зел.ар.пир.20х1,8г",products/mini_3482097.jpg,2023-09-26,2023-10-02,,0,139.99,89.99,35,False
3495758,"CURTIS Чай DEL.MANGO зел.лист.пир20х1,8г",products/mini_3495758.jpg,2023-09-14,2023-10-04,,2,129.99,84.99,34,False
3503784,AHM.TEA Чай с жасмином зел.100г,products/mini_3503784.jpg,2023-09-14,2023-10-04,,2,247.79,189.99,23,False
4215085,"ASSAND Чай FR.SUM.Л.зел.байх.ар.100x1,5г",products/mini_4215085.jpg,2023-09-26,2023-10-02,,0,239.99,214.99,10,False
4275899,"GREENF.Нап.НЭЙЧ.ТИЗ.ЛЕМ.ШИС.чайн.20х1,8г",products/mini_4275899.jpg,2023-09-26,2023-10-02,,0,179.99,119.99,33,False
4275900,"GREENF.Нап.НЭЙЧ.ТИЗ.ЛАВ.ВЕР.чайн.20х1,8г",products/mini_4275900.jpg,2023-09-26,2023-10-02,,0,179.99,119.99,33,False
3601193,"CURTIS Набор чая DES.TEA COLLECT.58,5г",products/mini_3601193.jpg,2023-09-14,2023-10-04,,2,369.99,249.99,32,False
4268558,ХРУТКА Какао-нап.б/р д/п.дет.д/шк.в.500г,products/mini_4268558.jpg,2023-09-26,2023-10-02,,0,299.99,199.99,33,False
4285757,KIDNESS Какао-напиток раст.с витам.500г,products/mini_4285757.jpg,2023-09-26,2023-10-02,,0,199.99,169.99,15,False
3473706,БОЛ.ЧАШКА Цикорий раст.пор.экст.черн.85г,products/mini_3473706.jpg,2023-09-26,2023-10-02,,0,99.99,59.99,40,False
3992691,БОЛ.ЧАШКА Цикорий нат.раст.субл.85г,products/mini_3992691.jpg,2023-09-14,2023-10-04,,2,289.99,219.99,24,False
4177516,GR.LIFE Цикорий раст.порошкообразный 85г,products/mini_4177516.jpg,2023-09-14,2023-10-04,,2,69.99,49.99,28,False
69967,ШИШК.ЛЕС Вода СПОРТ пит.н/г ПЭТ 1л,products/mini_69967.jpg,2023-09-26,2023-10-02,,0,63.99,45.99,28,False
81003,Вода РЫЧАЛ-СУ минеральная ПЭТ 1л,products/mini_81003.jpg,2023-09-14,2023-10-04,,2,99.99,79.99,20,False
3608728,"HONEY KID Вода д/дет.негаз.1,5л",products/mini_3608728.jpg,2023-09-26,2023-10-02,,0,39.99,32.99,17,False
3656206,"ЗАПОВ.ЗДОР.Вода НАГ-26 мин.л-ст.газ.0,5л",products/mini_3656206.jpg,2023-09-26,2023-10-02,,0,49.99,40.99,18,False
3688644,"ЗАПОВ.ЗДОР.Вода№17 пит.мин.лечеб.газ1,5л",products/mini_3688644.jpg,2023-09-26,2023-10-02,,0,59.99,42.99,28,False
3954422,"BAIKAL430 Вода БАЙКАЛ.ГЛУБ.прир.0,85л",products/mini_3954422.jpg,2023-09-14,2023-10-04,,2,109.99,89.99,18,False
4298501,ЛИП.РОСИН.Нап.ЛИП-ЛАЙТ вк.тр.фр.газ.0.5л,,2023-09-26,2023-10-02,,0,46.99,33.99,27,False
4229665,POSITIV.Нап.вк.апельс.б/алк.газ.ПЭТ 2л,products/mini_4229665.jpg,2023-09-14,2023-10-04,,2,153.29,109.99,28,False
4235016,ЧЕРНОГОЛ.Нап.КОЛА б/алк.газ.ст/б 1л,products/mini_4235016.jpg,2023-09-26,2023-10-02,,0,109.99,99.99,9,False
4305418,ВК.НА ВСЕ ВР.Нап.ЛИМОНАД б/алк.ст/б 0.5л,products/mini_4305418.jpg,2023-09-26,2023-10-02,,0,49.99,39.99,20,False
4305470,ВК.НА ВСЕ ВР.Нап.ВК.ДЮШЕС б/ал.ст/б 0.5л,products/mini_4305470.jpg,2023-09-26,2023-10-02,,0,49.99,39.99,20,False
26867,САДЫ ПРИД.Сок дет.мультифрук.б/сах 0.2л,products/mini_26867.jpg,2023-09-14,2023-10-04,,2,29.99,26.99,10,False
40350,Сок NAR ГРАНАТОВЫЙ восст.для дет.пит. 1л,products/mini_40350.jpg,2023-09-14,2023-10-04,,2,199.99,164.99,17,False
51284,Нектар ДОБРЫЙ апельсиновый 100% 1л,products/mini_51284.jpg,2023-09-26,2023-10-02,,0,139.99,109.99,21,False
58049,Сок ДОБРЫЙ яблочный 1л,products/mini_58049.jpg,2023-09-26,2023-10-02,,0,139.99,109.99,21,False
58050,Сок ДОБРЫЙ томатный 1л,products/mini_58050.jpg,2023-09-26,2023-10-02,,0,139.99,109.99,21,False
58053,Нектар ДОБРЫЙ мультифрут 1л,products/mini_58053.jpg,2023-09-26,2023-10-02,,0,139.99,109.99,21,False
80184,"САДЫ ПРИД.Сок дет.зел.яб.восс.0,2л",products/mini_80184.jpg,2023-09-14,2023-10-04,,2,29.99,26.99,10,False
80186,САДЫ ПРИД.Сок дет.яблочный нат0.2л,products/mini_80186.jpg,2023-09-14,2023-10-04,,2,29.99,26.99,10,False
80190,"САДЫ ПРИД.Сок дет.ябл.персик с мяк0,2л",products/mini_80190.jpg,2023-09-14,2023-10-04,,2,29.99,26.99,10,False
3010145,"САДЫ ПРИД.Сок ябл/вин0,2л",products/mini_3010145.jpg,2023-09-14,2023-10-04,,2,29.99,26.99,10,False
3049629,САДЫ ПРИДОНЬЯ Сок яблоко зеленое 125мл,products/mini_3049629.jpg,2023-09-26,2023-10-02,,0,19.99,15.99,20,False
3049630,"САДЫ ПРИД.Сок яблоко шиповник 0,2л",products/mini_3049630.jpg,2023-09-14,2023-10-04,,2,29.99,26.99,10,False
3246773,САДЫ ПРИД.Сок ЯБЛ/ВИШН.осв.дет/пит.125мл,products/mini_3246773.jpg,2023-09-26,2023-10-02,,0,19.99,15.99,20,False
3363253,"САДЫ ПРИДОНЬЯ Сок ябл-черная смор.0,2л",products/mini_3363253.jpg,2023-09-14,2023-10-04,,2,29.99,26.99,10,False
3418780,ДОБ.Напит.сокос.апел.с мяк.дет.пит.450мл,products/mini_3418780.jpg,2023-09-26,2023-10-02,,0,89.99,69.99,22,False
3450911,"FRESH ALOE Нап.кус.алоэ б/алк.негаз.1,5л",products/mini_3450911.jpg,2023-09-14,2023-10-04,,2,129.99,99.99,23,False
3467778,"ЛЮБИМЫЙ Напит.ябл/вишн/чер.осв.д/д 1,93л",products/mini_3467778.jpg,2023-09-26,2023-10-02,,0,189.99,169.99,10,False
3498026,"ЛЮБИМЫЙ Нап.АПЕЛЬСИН.МАНГО дет.мяк.1,93л",products/mini_3498026.jpg,2023-09-26,2023-10-02,,0,189.99,169.99,10,False
3694762,"SOKO GRANDE Нектар морковный с мяк.0,75л",products/mini_3694762.jpg,2023-09-14,2023-10-04,,2,109.99,89.99,18,False
3694763,"SOKO GRANDE Нектар тыквенный с мяк.0,75л",products/mini_3694763.jpg,2023-09-14,2023-10-04,,2,109.99,89.99,18,False
4173526,FRESH Нап.ALOE ВК.МАНГО б/алк.ПЭТ 1.5л,products/mini_4173526.jpg,2023-09-14,2023-10-04,,2,129.99,99.99,23,False
4235991,"SOKO GRANDE Сок том.м.сол.мяк.в.п.0,75л",products/mini_4235991.jpg,2023-09-14,2023-10-04,,2,149.99,119.99,20,False
4255415,ЛЮБИМЫЙ Нап.ябл.с/сод.дет.т/п 1.93л,products/mini_4255415.jpg,2023-09-26,2023-10-02,,0,189.99,169.99,10,False
4282741,ДОБРЫЙ Нап.ябл/перс.с/сод.дет.т/п 1л,,2023-09-26,2023-10-02,,0,139.99,109.99,21,False
4285564,ФРУТМОТ.Нап.ТРОП.МИКС с/сод.ПЭТ 1.5л,products/mini_4285564.jpg,2023-09-14,2023-10-04,,2,109.99,89.99,18,False
4285567,ФРУТМОТ.Нап.ЯГОДНЫЙ МИКС с/сод.ПЭТ 1.5л,products/mini_4285567.jpg,2023-09-14,2023-10-04,,2,109.99,89.99,18,False
4285568,ФРУТМОТ.Нап.ЯРКАЯ ВИШНЯ с/сод.ПЭТ 1.5л,products/mini_4285568.jpg,2023-09-14,2023-10-04,,2,109.99,89.99,18,False
4285569,ФРУТМОТ.Нап.СОЧНОЕ ЯБЛОКО с/сод.ПЭТ 1.5л,products/mini_4285569.jpg,2023-09-14,2023-10-04,,2,109.99,89.99,18,False
4285574,ФРУТМОТ.Нап.СОЛН.АПЕЛЬСИН с/сод.ПЭТ 1.5л,products/mini_4285574.jpg,2023-09-14,2023-10-04,,2,109.99,89.99,18,False
4285575,ФРУТМОТ.Нап.КЛУБН.АРБУЗ с/сод.ПЭТ 1.5л,products/mini_4285575.jpg,2023-09-14,2023-10-04,,2,109.99,89.99,18,False
4289195,ДОБРЫЙ Нап.PULPY яб/ч.ряб/виш.с/сод0.45л,,2023-09-26,2023-10-02,,0,89.99,69.99,22,False
16793,BOND.Кукур.слад.зерн.ж/б. 212мл,products/mini_16793.jpg,2023-09-14,2023-10-04,,2,99.99,79.99,20,False
27460,BONDUEL.Горошек зел.с кольц.200г,products/mini_27460.jpg,2023-09-14,2023-10-04,,2,99.99,79.99,20,False
4079047,GL.VIL.SEL.Кукуруза сладкая 340г,products/mini_4079047.jpg,2023-09-14,2023-10-04,,2,105.99,89.99,15,False
3180523,ДЯДЯ ВАНЯ Корниш.ПО-ФРАНЦ.460г,products/mini_3180523.jpg,2023-09-14,2023-10-04,,2,209.99,169.99,19,False
3231209,GLOB.VIL.Огурцы корниш.марин.720мл,products/mini_3231209.jpg,2023-09-14,2023-10-04,,2,169.99,144.99,14,False
3235377,GLOBAL VILLAGE Фасоль белая в с/с425мл,products/mini_3235377.jpg,2023-09-14,2023-10-04,,2,84.99,79.99,5,False
3255050,GL.VILLAGE Оливки зел.с анчоус.ж/б 300г,products/mini_3255050.jpg,2023-09-14,2023-10-04,,2,124.99,107.99,13,False
3255052,GL.VILLAGE Оливки зел.с лимон.ж/б 300г,products/mini_3255052.jpg,2023-09-14,2023-10-04,,2,124.99,107.99,13,False
3279070,GLOBAL VILL.Баклажаны в аджике ст/б 510г,products/mini_3279070.jpg,2023-09-14,2023-10-04,,2,124.99,99.99,20,False
3307409,GLOB.VIL.Горошек зел.конс.мозг.сорт.400г,products/mini_3307409.jpg,2023-09-26,2023-10-02,,0,79.99,69.99,12,False
3314610,GL.VILLAGE Томаты ЧЕРРИ мар.720мл,products/mini_3314610.jpg,2023-09-14,2023-10-04,,2,134.99,115.99,14,False
3327872,GL.VILLAGE Томаты в томат.соке 680г,products/mini_3327872.jpg,2023-09-14,2023-10-04,,2,124.99,107.99,13,False
3424501,GL.VIL.Огурцы сол.по-домаш.ст/б 680г,products/mini_3424501.jpg,2023-09-14,2023-10-04,,2,149.99,129.99,13,False
3431892,GL.VILLAGE Шампиньоны резаные 400г,products/mini_3431892.jpg,2023-09-14,2023-10-04,,2,134.99,109.99,18,False
3435145,GLOB.VIL.Оливки зел.фаршир.креветк.314мл,products/mini_3435145.jpg,2023-09-14,2023-10-04,,2,124.99,107.99,13,False
3446055,GL.VILLAGE Оливки зел.б/к с.Манзан.300г,products/mini_3446055.jpg,2023-09-14,2023-10-04,,2,124.99,107.99,13,False
3903537,GL.VILLAGE Икра из баклажанов 520г,products/mini_3903537.jpg,2023-09-14,2023-10-04,,2,109.99,89.99,18,False
3903538,GL.VILLAGE Икра из кабачков 520г,products/mini_3903538.jpg,2023-09-14,2023-10-04,,2,89.99,79.99,11,False
3940313,GL.VILLAGE Грузди соленые стер.530г,products/mini_3940313.jpg,2023-09-14,2023-10-04,,2,179.99,154.99,13,False
4078780,GL.VIL.SEL.Горошек зеленый 400г,products/mini_4078780.jpg,2023-09-14,2023-10-04,,2,105.99,89.99,15,False
4090904,GL.VILLAGE Фасоль красная в т/с 425мл,products/mini_4090904.jpg,2023-09-14,2023-10-04,,2,94.99,79.99,15,False
4099820,GL.VILLAGE Лобио 530г,products/mini_4099820.jpg,2023-09-14,2023-10-04,,2,139.99,119.99,14,False
4172099,GL.VIL.SEL.Лечо 680г,products/mini_4172099.jpg,2023-09-14,2023-10-04,,2,149.99,134.99,10,False
4172476,GL.VIL.SEL.Айвар ДОМАШНИЙ 360г,products/mini_4172476.jpg,2023-09-14,2023-10-04,,2,169.99,144.99,14,False
4175976,GL.VIL.SEL.Перец ЧИЛИ маринованный 330г,products/mini_4175976.jpg,2023-09-14,2023-10-04,,2,179.99,149.99,16,False
4180257,GL.VIL.SEL.Лютеница ДОМАШНЯЯ 360г,products/mini_4180257.jpg,2023-09-14,2023-10-04,,2,169.99,144.99,14,False
4235943,СКАТ-САМОБР.Томаты МЕДОВЫЕ мар.680г,,2023-09-14,2023-10-04,,2,139.99,109.99,21,False
4262560,ПИКАНТА Икра из кабачков 450г,,2023-09-26,2023-10-02,,0,129.99,99.99,23,False
4264419,GL.VIL.SEL.Огурцы ПО-БЕРЛИНСКИ 670г,products/mini_4264419.jpg,2023-09-14,2023-10-04,,2,199.99,169.99,15,False
4271924,ПИКАНТА Фасоль печеная в т/с 470г,,2023-09-26,2023-10-02,,0,179.99,119.99,33,False
78000514,TRATTORIA DI MAES.TUR.Помидоры рез.400г,products/mini_78000514.jpg,2023-09-14,2023-10-04,,2,169.99,114.99,32,False
3301282,F.HOUSE Килька балт.обж.в т/с ж/б 240г,products/mini_3301282.jpg,2023-09-14,2023-10-04,,2,79.99,67.99,15,False
3384810,F.HOUSE Печень трески натуральн.230г,products/mini_3384810.jpg,2023-09-14,2023-10-04,,2,249.99,239.99,4,False
3423841,FISH HOUSE Сайра т/о нат.240г,products/mini_3423841.jpg,2023-09-14,2023-10-04,,2,189.99,169.99,10,False
3468684,ВКУС.КОНС.Шпроты КРУПНЫЕ в/м с ключ.240г,products/mini_3468684.jpg,2023-09-14,2023-10-04,,2,159.99,136.99,14,False
3906213,F.HOUSE Тунец рубленое филе в с/с 185г,products/mini_3906213.jpg,2023-09-14,2023-10-04,,2,159.99,124.99,21,False
4067246,F.HOUSE Икра трески стерилизованная 185г,products/mini_4067246.jpg,2023-09-14,2023-10-04,,2,134.99,122.99,8,False
4087332,F.HOUSE Тунец руб.филе в/м 185г,products/mini_4087332.jpg,2023-09-14,2023-10-04,,2,159.99,119.99,25,False
4089605,F.HOUSE Сардина ИВАСИ т/о нат.куски 245г,products/mini_4089605.jpg,2023-09-26,2023-10-02,,0,92.99,69.99,24,False
4099967,F.HOUSE Паштет шпрот.из кил/сал.г/к 160г,products/mini_4099967.jpg,2023-09-14,2023-10-04,,2,29.99,25.99,13,False
4104193,F.HOUSE Сардина атл.куски в т/с 250г,products/mini_4104193.jpg,2023-09-14,2023-10-04,,2,114.99,97.99,14,False
4114653,КАП.НОРД Шпроты из балт.кильки в/м 175г,products/mini_4114653.jpg,2023-09-14,2023-10-04,,2,144.99,124.99,13,False
4125176,F.HOUSE Сельдь атл.нат.с доб.масла 245г,products/mini_4125176.jpg,2023-09-26,2023-10-02,,0,89.99,76.99,14,False
4264549,ЗНАК КАЧ.Килька балт.нераз.обж.т/с 240г,products/mini_4264549.jpg,2023-09-14,2023-10-04,,2,89.99,75.99,15,False
24661,"ГЛАВПРОДУКТ Говядина тушеная, в/с 338г",products/mini_24661.jpg,2023-09-14,2023-10-04,,2,269.99,209.99,22,False
2021426,Мясо цыпленка в собственном соку 325г,products/mini_2021426.jpg,2023-09-26,2023-10-02,,0,109.99,99.99,9,False
3488763,АК СНОВ Говядина тушеная 1с 338г,products/mini_3488763.jpg,2023-09-26,2023-10-02,,0,309.99,269.99,12,False
3608843,ГАСТРОНОМ №1 Голубцы фарш.мяс/рис.525г,products/mini_3608843.jpg,2023-09-14,2023-10-04,,2,139.99,119.99,14,False
3609913,ГАСТР.№1 Паштет НЕЖНЫЙ кур.90г,products/mini_3609913.jpg,2023-09-14,2023-10-04,,2,34.99,25.99,25,False
3625646,ГЛАВПРОД.Крылышки ГРИЛЬ кур.300г,products/mini_3625646.jpg,2023-09-14,2023-10-04,,2,209.99,174.99,16,False
3959234,HAME Паштет ДЕЛИКАТЕСНЫЙ с гус.печ.105г,products/mini_3959234.jpg,2023-09-14,2023-10-04,,2,65.99,54.99,16,False
3959235,HAME Паштет ДЕЛИКАТЕСНЫЙ с индейкой 105г,products/mini_3959235.jpg,2023-09-14,2023-10-04,,2,65.99,54.99,16,False
3959236,HAME Паштет ДЕЛИКАТЕСНЫЙ мяс.птицы 105г,products/mini_3959236.jpg,2023-09-14,2023-10-04,,2,65.99,54.99,16,False
4045126,ГАСТР.№1 Свинина 338г,products/mini_4045126.jpg,2023-09-14,2023-10-04,,2,109.99,94.99,13,False
4045136,ГАСТР.№1 Говядина 338г,products/mini_4045136.jpg,2023-09-14,2023-10-04,,2,139.99,119.99,14,False
4118902,СНОВ Свинина тушеная 1сорт 338г,products/mini_4118902.jpg,2023-09-26,2023-10-02,,0,279.99,229.99,17,False
4125198,МЯС.ФЕРМА Окорок ПО-ДОМАШНЕМУ 325г,products/mini_4125198.jpg,2023-09-14,2023-10-04,,2,164.99,149.99,9,False
4128991,МЯС.ФЕРМА Свинина тушеная в/с ГОСТ 325г,products/mini_4128991.jpg,2023-09-14,2023-10-04,,2,249.99,209.99,16,False
4173455,ГАСТР.№1 Тушенка говяжья 500г,products/mini_4173455.jpg,2023-09-14,2023-10-04,,2,199.99,169.99,15,False
4173456,ГАСТР.№1 Тушенка свиная 500г,products/mini_4173456.jpg,2023-09-14,2023-10-04,,2,159.99,139.99,12,False
4173465,МЯС.ФЕРМА Говядина тушеная в/с ГОСТ 338г,products/mini_4173465.jpg,2023-09-14,2023-10-04,,2,299.99,277.99,7,False
4173890,ГАСТР.№1 Тушенка говяжья 338г,products/mini_4173890.jpg,2023-09-14,2023-10-04,,2,189.99,164.99,13,False
4235320,ГАСТРОНОМ №1 Паштет ФЕРМ.печ.зел.ук.90г,,2023-09-14,2023-10-04,,2,34.99,25.99,25,False
4248958,РУСЬ Говядина тушеная в/с 500г,,2023-09-14,2023-10-04,,2,179.99,159.99,11,False
4027249,GL.VILLAGE Ананасы кус.в сиропе 580мл,products/mini_4027249.jpg,2023-09-14,2023-10-04,,2,159.99,144.99,9,False
4091341,GL.VILLAGE Коктейль ТРОП.в лег.сир.565г,products/mini_4091341.jpg,2023-09-14,2023-10-04,,2,174.99,144.99,17,False
4164843,WINNER Корм EXT.M.ЯГН.В С.конс.д/соб.85г,,2023-09-14,2023-10-04,,2,40.99,25.99,36,False
4164844,WINNER Корм EXT.M.ГОВ.BL.ANG.конс.д/с85г,,2023-09-14,2023-10-04,,2,40.99,25.99,36,False
4211768,МИРАТОРГ Корм W.EX.M.КУР.ГР.В СОУСЕ 85г,,2023-09-14,2023-10-04,,2,37.79,23.99,36,False
4002291,PUR.ONE Корм д/дом/кош.кур/морк.кон.75г,products/mini_4002291.jpg,2023-09-14,2023-10-04,,2,33.99,26.99,20,False
4002292,PURINA ONE Корм д/ст.кош.кур/фас.конс75г,products/mini_4002292.jpg,2023-09-14,2023-10-04,,2,33.99,26.99,20,False
4002293,PURINA ONE Корм д/кош.гов/морк.конс.75г,products/mini_4002293.jpg,2023-09-14,2023-10-04,,2,33.99,26.99,20,False
4009059,PUR.ONE Корм с кур/морковью д/котят 75г,products/mini_4009059.jpg,2023-09-14,2023-10-04,,2,33.99,26.99,20,False
4009065,PUR.ONE Корм с кур/морк д/чувст/кош.75г,products/mini_4009065.jpg,2023-09-14,2023-10-04,,2,33.99,26.99,20,False
4164842,WINNER Корм EXT.M.КУР.В С.конс.д/кош.80г,products/mini_4164842.jpg,2023-09-14,2023-10-04,,2,24.99,19.99,20,False
4164845,WINNER Корм EXT.M.Г.BL.ANG.Ж.конс.д/к80г,,2023-09-14,2023-10-04,,2,24.99,19.99,20,False
4164846,WINNER Корм EXT.M.ТЕЛ.В ЖЕЛЕ конс.д/к80г,products/mini_4164846.jpg,2023-09-14,2023-10-04,,2,24.99,19.99,20,False
4225986,PUR.ONE Корм с говяд/морк.д/ст.кошек 75г,products/mini_4225986.jpg,2023-09-14,2023-10-04,,2,33.99,26.99,20,False
32120,LACAL.З/паста ACTIV 50мл,products/mini_32120.jpg,2023-09-26,2023-10-02,,0,229.99,139.99,39,False
2048194,COLG.З/паста М.ФР.ВЗ.МЯТ.с осв.кр.100мл,products/mini_2048194.jpg,2023-09-14,2023-10-04,,2,289.99,179.99,37,False
2071595,ЛЕС.БАЛЬЗ.З/паста ЭКС.КОР.ДУБА/ПИХТЫ75мл,products/mini_2071595.jpg,2023-09-14,2023-10-04,,2,119.99,79.99,33,False
2157107,COLG.З/паста МАКС БЛЕСК с отб.пл.100мл,products/mini_2157107.jpg,2023-09-14,2023-10-04,,2,289.99,179.99,37,False
3400235,ЛЕС.БАЛЬЗ.Опол.д/дес.ФОРТЕ 400мл,products/mini_3400235.jpg,2023-09-14,2023-10-04,,2,219.99,159.99,27,False
3455660,ЛЕС.БАЛЬЗ.З/паста экс.алоэ-в/б.чая 75мл,products/mini_3455660.jpg,2023-09-14,2023-10-04,,2,119.99,79.99,33,False
3373876,FA Гель ЙОГУРТ АЛОЭ ВЕРА для душа 750мл,products/mini_3373876.jpg,2023-09-14,2023-10-04,,2,469.99,299.99,36,False
3626165,PALM.Гель MEN 3в1 АРК.ВЕТЕР д/д 250мл,products/mini_3626165.jpg,2023-09-14,2023-10-04,,2,279.99,199.99,28,False
3664431,PALM.Гель РОСК.МАСЕЛ инж/б.орх.д/д 250мл,products/mini_3664431.jpg,2023-09-14,2023-10-04,,2,299.99,199.99,33,False
4060163,PALM.Гель-кр.БЕР.УХ.МИНД.М/ПИОН д/д250мл,products/mini_4060163.jpg,2023-09-14,2023-10-04,,2,299.99,199.99,33,False
4118337,PALM.Гель-кр.SUP.F.ЯГ.АС/ОВ.д/душа 250мл,products/mini_4118337.jpg,2023-09-14,2023-10-04,,2,299.99,199.99,33,False
4131221,CAMAY Гель BOTAN.ЦВЕТЫ ГРАН.д/душ.250мл,products/mini_4131221.jpg,2023-09-14,2023-10-04,,2,249.99,169.99,32,False
4201004,DOL.MILK Гель ХАННА БАНАНА д/душа 460мл,,2023-09-14,2023-10-04,,2,349.99,229.99,34,False
4201018,DOL.MILK Гель-см.SM.S.ХАОТ.ЭКЗ.д/д.400мл,,2023-09-14,2023-10-04,,2,379.99,279.99,26,False
4201019,DOL.MILK Соль-шим.SM.ХАОТ.ЭКЗ.д/в.400мл,,2023-09-14,2023-10-04,,2,349.99,259.99,25,False
4201024,DOL.MILK Гель-см.SM.S.ПИНО-КОЛ.д/д.400мл,,2023-09-14,2023-10-04,,2,379.99,279.99,26,False
4201039,DOL.MILK Гель МУЛАТКА-ШОКОЛАД.д/д.460мл,,2023-09-14,2023-10-04,,2,349.99,229.99,34,False
4201041,DOL.MILK Гель МИСС КЛУБ.КОМ.д/душа 460мл,,2023-09-14,2023-10-04,,2,349.99,229.99,34,False
65459,H&SHOULD.Шамп.2в1 осн.уход400мл,products/mini_65459.jpg,2023-09-14,2023-10-04,,2,409.99,349.99,14,False
5531,PALETTE Крем-краска 4-60 110мл,products/mini_5531.jpg,2023-09-26,2023-10-02,,0,239.99,159.99,33,False
85038,H&S Шампунь 2в1 МЕНТОЛ п/перх.400мл,products/mini_85038.jpg,2023-09-14,2023-10-04,,2,409.99,349.99,14,False
31499,ПАЛЕТТ Краска для волос 1-0 110мл,products/mini_31499.jpg,2023-09-26,2023-10-02,,0,239.99,159.99,33,False
31500,ПАЛЕТТ Краска 3-0 110мл,products/mini_31500.jpg,2023-09-26,2023-10-02,,0,239.99,159.99,33,False
31506,ПАЛЕТТ Краска 7-0 110мл,products/mini_31506.jpg,2023-09-26,2023-10-02,,0,239.99,159.99,33,False
31510,PALETTE Краска 3-68 110мл,,2023-09-26,2023-10-02,,0,239.99,159.99,33,False
31517,ПАЛЕТТ Краска 10-1 110мл,,2023-09-26,2023-10-02,,0,239.99,159.99,33,False
2071819,ГЛ.КУР Шамп.ЖИД.ШЕЛК д/неп/тус.вол.400мл,products/mini_2071819.jpg,2023-09-26,2023-10-02,,0,399.99,269.99,32,False
2133375,GL.KUR Экс.кондиц.OIL NUTRIT.д/вол.200мл,products/mini_2133375.jpg,2023-09-26,2023-10-02,,0,549.99,269.99,50,False
69449,H&SHOULD.Шамп.ЭНЕРГ.ОКЕАН.400мл,products/mini_69449.jpg,2023-09-14,2023-10-04,,2,409.99,349.99,14,False
3406278,GARN.Шамп.FRUCT.SOS Восстановление 400мл,products/mini_3406278.jpg,2023-09-26,2023-10-02,,0,379.99,229.99,39,False
3065062,ЧИСТ.ЛИНИЯ Шампунь КРАПИВА укрепл.400мл,products/mini_3065062.jpg,2023-09-14,2023-10-04,,2,199.99,149.99,25,False
3065063,ЧИС.ЛИН.Шамп.ПШЕН/ЛЕН ув.об.400мл,products/mini_3065063.jpg,2023-09-14,2023-10-04,,2,199.99,149.99,25,False
3148617,PANTENE Шампунь ГУСТЫЕ И КРЕПКИЕ 250мл,products/mini_3148617.jpg,2023-09-14,2023-10-04,,2,249.99,199.99,20,False
3232292,PANT.Бальз.ИНТЕН.ЗАЩ/ВОССТАН.д/вол.200мл,products/mini_3232292.jpg,2023-09-14,2023-10-04,,2,249.99,199.99,20,False
3232295,PANT.Шампунь ИНТЕНС.ЗАЩ/ВОССТАНОВЛ.250мл,products/mini_3232295.jpg,2023-09-14,2023-10-04,,2,249.99,199.99,20,False
3352707,ГЛ.КУР Шамп.Эктрем.восст.д/волос 400мл,products/mini_3352707.jpg,2023-09-26,2023-10-02,,0,399.99,269.99,32,False
3408247,Ч.ЛИН.Шамп.2в1 на отваре цел.трав 400мл,products/mini_3408247.jpg,2023-09-14,2023-10-04,,2,199.99,149.99,25,False
3472122,GARN.Шампунь ФРУКТ.РОСТ ВО ВС.СИЛУ 400мл,products/mini_3472122.jpg,2023-09-26,2023-10-02,,0,379.99,229.99,39,False
3487862,ЧИСТ.ЛИН.Шамп.СИЛА 5 ТРАВ д/вс.тип.400мл,products/mini_3487862.jpg,2023-09-14,2023-10-04,,2,199.99,149.99,25,False
3657212,ЧИСТ.ЛИН.Шампунь-бальзам 2в1 400мл,products/mini_3657212.jpg,2023-09-14,2023-10-04,,2,199.99,149.99,25,False
3659237,GARN.Шамп.ГОДЖИ СТОЙКИЙ ЦВЕТ укреп.400мл,products/mini_3659237.jpg,2023-09-26,2023-10-02,,0,379.99,229.99,39,False
3662131,GARN.Бальз-опол.FRUCTIS SOS ВОС.укр387мл,products/mini_3662131.jpg,2023-09-26,2023-10-02,,0,379.99,229.99,39,False
3664945,GARN.Бал-оп.FR.РОСТ В/ВСЮ СИЛУ укр.387мл,products/mini_3664945.jpg,2023-09-26,2023-10-02,,0,379.99,229.99,39,False
3673340,ЧИСТ.ЛИН.Бальз-оп.КРАПИВА укреп.380мл,products/mini_3673340.jpg,2023-09-14,2023-10-04,,2,199.99,149.99,25,False
3948804,GARN.Крем FRUC.SOS СПАС.ВОЛ.10В1 400мл,products/mini_3948804.jpg,2023-09-26,2023-10-02,,0,419.99,239.99,42,False
3958221,ЧИСТ.ЛИН.Шам-кон-гель 3В1 ЭН+Ч.д/м 400мл,,2023-09-14,2023-10-04,,2,199.99,149.99,25,False
3998960,PALETTE Бальз.ХОЛ.БЛОНД оттен.д/в 150мл,products/mini_3998960.jpg,2023-09-26,2023-10-02,,0,279.99,219.99,21,False
4045743,ЧИСТ.ЛИН.Бальзам-опол.ОБЪЕМ И СИЛА 380мл,products/mini_4045743.jpg,2023-09-14,2023-10-04,,2,199.99,149.99,25,False
4046827,GL.KUR Маска 4-В-1 ПРОТ+МАС.ШИ вос.400мл,,2023-09-14,2023-10-04,,2,679.99,449.99,33,False
4090528,ГЛ.КУР Бальзам ЖИДКИЙ ШЕЛК д/вол.360мл,products/mini_4090528.jpg,2023-09-26,2023-10-02,,0,399.99,269.99,32,False
4090529,ГЛ.КУР Бальз.ЭКСТРЕМ.ВОССТАН.д/вол.360мл,products/mini_4090529.jpg,2023-09-26,2023-10-02,,0,399.99,269.99,32,False
4123661,GL.KUR Маска ЭК.ЭКСТР.В.ВОС/БЛ.д/в.200мл,products/mini_4123661.jpg,2023-09-26,2023-10-02,,0,439.99,199.99,54,False
4149085,GL.KUR Мас.ПЕП+Э.ЧЕР.СОВ.Б.ОТ.пр/ж.200мл,products/mini_4149085.jpg,2023-09-26,2023-10-02,,0,439.99,199.99,54,False
4151584,BODYART Шампунь д/всех типов волос 750мл,products/mini_4151584.jpg,2023-09-14,2023-10-04,,2,279.99,199.99,28,False
4151585,BODYART Бальзам д/всех типов волос 750мл,products/mini_4151585.jpg,2023-09-14,2023-10-04,,2,279.99,199.99,28,False
4256977,ШАУМА Шамп.MEN ULT.СИЛА д/м.д/еж.пр650мл,,2023-09-14,2023-10-04,,2,399.99,299.99,25,False
4256979,ШАУМА Шамп.Д/ВСЕЙ СЕМ.д/всех тип.в.650мл,,2023-09-14,2023-10-04,,2,399.99,299.99,25,False
36145,NIVEA Крем SOFT для кожи 200мл,products/mini_36145.jpg,2023-09-26,2023-10-02,,0,399.99,319.99,20,False
500,REXONA Антиперсп.COBALT аэрозоль 150мл,products/mini_500.jpg,2023-09-14,2023-10-04,,2,339.99,249.99,26,False
48940,"Крем БАРХ.РУЧ.пит.д/рук,ас.80мл",products/mini_48940.jpg,2023-09-14,2023-10-04,,2,99.99,74.99,25,False
2051145,Крем БАРХАТ.РУЧ.д/рук комп.80мл,products/mini_2051145.jpg,2023-09-14,2023-10-04,,2,99.99,74.99,25,False
4147175,SOPHIST.Дез-а/пер.ар.хлоп.150мл,,2023-09-14,2023-10-04,,2,249.99,159.99,36,False
43751,REX.Дез.ALOE VERA мет/аэр 150мл,products/mini_43751.jpg,2023-09-14,2023-10-04,,2,249.99,159.99,36,False
3331436,NIVEA MEN Дезодор.НЕВ.ЗАЩ.Ч/БЕЛ.шар.50мл,products/mini_3331436.jpg,2023-09-26,2023-10-02,,0,359.99,269.99,25,False
3352288,ORGAN.SHOP Скраб БРАЗИЛ.КОФЕ д/тела250мл,products/mini_3352288.jpg,2023-09-26,2023-10-02,,0,299.99,229.99,23,False
3369802,ФА MEN Антипер.SPORT ВЗРЫВ ЭНЕРГИИ 150мл,products/mini_3369802.jpg,2023-09-14,2023-10-04,,2,259.99,189.99,26,False
3412252,ЧИС.ЛИНИЯ Фитобал.д/тела повыш.упр.200мл,products/mini_3412252.jpg,2023-09-14,2023-10-04,,2,249.99,199.99,20,False
3421453,NIVEA Дезодорант ЭФФЕКТ ПУД.шар.жен.50мл,products/mini_3421453.jpg,2023-09-26,2023-10-02,,0,239.99,179.99,25,False
3444774,REXONA Антиперсп-кар.СУХОСТЬ ПУДРЫ 40мл,products/mini_3444774.jpg,2023-09-14,2023-10-04,,2,299.99,249.99,16,False
3479534,REXONA А/пер ПРОЗРАЧ.КРИСТАЛЛ аэр.150мл,products/mini_3479534.jpg,2023-09-14,2023-10-04,,2,249.99,159.99,36,False
3479535,REXONA А/пер ЯРКИЙ БУКЕТ аэр.150мл,products/mini_3479535.jpg,2023-09-14,2023-10-04,,2,249.99,159.99,36,False
3479541,REXONA А/пер ПРОЗРАЧ.КРИСТАЛЛ рол.50мл,products/mini_3479541.jpg,2023-09-14,2023-10-04,,2,209.99,149.99,28,False
3928499,REXONA А/пер.НЕЖНО/СОЧНО аэрозоль 150мл,products/mini_3928499.jpg,2023-09-14,2023-10-04,,2,249.99,159.99,36,False
4101449,NIVEA А/пер.НЕЖ.СВЕЖ.LOVE BE TR.рол.50мл,products/mini_4101449.jpg,2023-09-26,2023-10-02,,0,239.99,179.99,25,False
4147203,SOPHIST.Дез-а/пер.ар.орхид.150мл,,2023-09-14,2023-10-04,,2,249.99,159.99,36,False
4147205,SOPHIST.Дез-а/пер.ар.цветоч.букет.150мл,,2023-09-14,2023-10-04,,2,249.99,159.99,36,False
4147207,SOPHIST.Дез-а/пер.ар.клубника 150мл,,2023-09-14,2023-10-04,,2,249.99,159.99,36,False
45625,LIBRESSE Прок.ULTRA НОРМАЛ 20шт,products/mini_45625.jpg,2023-09-14,2023-10-04,,2,279.99,229.99,17,False
2050868,DISCREET Прокладки ВОД.ЛИЛИЯ deo еж60шт,products/mini_2050868.jpg,2023-09-14,2023-10-04,,2,299.99,269.99,10,False
2133901,DISCREET Прокладки AIR ежедн.60шт,products/mini_2133901.jpg,2023-09-14,2023-10-04,,2,299.99,269.99,10,False
3017398,KOTEX Прокл.УЛЬТРА НАЙТ гигиен.жен.7шт,products/mini_3017398.jpg,2023-09-14,2023-10-04,,2,159.99,129.99,18,False
3364386,KOTEX Прокладки Ультра нормал 10шт,products/mini_3364386.jpg,2023-09-14,2023-10-04,,2,159.99,129.99,18,False
3639593,ALWAYS Прокладки PLAT.ULT.NORM.PL.гиг8шт,products/mini_3639593.jpg,2023-09-14,2023-10-04,,2,159.99,142.99,10,False
3639594,ALWAYS Прокладки PLAT.ULT.NIGHT гиг.6шт,products/mini_3639594.jpg,2023-09-14,2023-10-04,,2,159.99,142.99,10,False
3639595,ALWAYS Прокладки PLAT.ULT.SUP.PL.гиг.7шт,,2023-09-14,2023-10-04,,2,159.99,142.99,10,False
3647604,KOTEX Прокл.ULTRA SOFT гиг.нормал 10шт,products/mini_3647604.jpg,2023-09-14,2023-10-04,,2,159.99,129.99,18,False
3652233,ALWAYS Прокл.ULT.PLAT.NIGHT ул/тонк.12шт,products/mini_3652233.jpg,2023-09-14,2023-10-04,,2,299.99,269.99,10,False
3659146,TEREZALADY Прокладки MICRO урол.жен.24шт,,2023-09-14,2023-10-04,,2,209.99,179.99,14,False
3952591,LIBR.Прокл.ULTRA НОЧ.у/т гиг.мяг.пов.8шт,,2023-09-14,2023-10-04,,2,159.99,129.99,18,False
4096940,KOTEX Проклад.НЭЧУРАЛ НОРМАЛ жен.гиг.8шт,,2023-09-14,2023-10-04,,2,174.99,129.99,25,False
4096942,KOTEX Проклад.НЭЧУРАЛ СУПЕР жен.гиг.7шт,products/mini_4096942.jpg,2023-09-14,2023-10-04,,2,174.99,129.99,25,False
4096944,KOTEX Проклад.НЭЧУРАЛ НОЧНЫЕ жен.гиг.6шт,,2023-09-14,2023-10-04,,2,174.99,129.99,25,False
4103707,LIBR.Прокл.ULT.НОРМ.мяг.п.у/тон.гиг.8шт,,2023-09-14,2023-10-04,,2,159.99,129.99,18,False
4189225,KOTEX Прокладки ANTIBAC.жен.длинные 18шт,,2023-09-14,2023-10-04,,2,179.99,149.99,16,False
64681,NIVEA Гель д/брит.чув.кож.200мл,products/mini_64681.jpg,2023-09-14,2023-10-04,,2,479.99,319.99,33,False
70479,NIVEA Лос.п/бр.д/чув.кожи 100мл,products/mini_70479.jpg,2023-09-26,2023-10-02,,0,599.99,379.99,36,False
11747,NIVEA Бальз.п/бр.чув.чув.к100мл,products/mini_11747.jpg,2023-09-26,2023-10-02,,0,599.99,379.99,36,False
3622213,NIVEA Гель MEN ЗАЩИТ/УХОД увл.д/бр.200мл,products/mini_3622213.jpg,2023-09-14,2023-10-04,,2,479.99,319.99,33,False
4167926,FORX Лосьон MEN C.SEN.S.п/бр.д/ч.к.100мл,,2023-09-14,2023-10-04,,2,279.99,199.99,28,False
2105633,ZEWA Полотенца бумажные кухонные 2шт,products/mini_2105633.jpg,2023-09-14,2023-10-04,,2,129.99,99.99,23,False
3449212,PAPIA Полотенца бумажные 3сл.2рул,products/mini_3449212.jpg,2023-09-14,2023-10-04,,2,169.99,109.99,35,False
2087269,TIDE Порошок КОЛОР автомат стр.3кг,products/mini_2087269.jpg,2023-09-26,2023-10-02,,0,519.99,399.99,23,False
2087270,TIDE Порош.АЛЬП.СВЕЖ.авт.ст.3кг,products/mini_2087270.jpg,2023-09-26,2023-10-02,,0,519.99,399.99,23,False
3966944,"LOSK СМС КОЛОР 2,7кг",products/mini_3966944.jpg,2023-09-26,2023-10-02,,0,458.99,359.99,21,False
3966945,"LOSK СМС ГОРНОЕ ОЗЕРО 2,7кг",products/mini_3966945.jpg,2023-09-26,2023-10-02,,0,458.99,359.99,21,False
4250993,PEROS Порошок стирал.д/бел.и цв.бел.3кг,,2023-09-26,2023-10-02,,0,349.99,299.99,14,False
4250994,PEROS Порошок стирал.д/цвет.бел.3кг,,2023-09-26,2023-10-02,,0,349.99,299.99,14,False
3299219,Ополаскив.FINISH для ПММ 800мл,products/mini_3299219.jpg,2023-09-14,2023-10-04,,2,549.99,399.99,27,False
3500750,FAIRY Ср.СОЧНЫЙ ЛИМОН д/мыт.посуды 450мл,products/mini_3500750.jpg,2023-09-26,2023-10-02,,0,139.99,99.99,28,False
3501026,FAIRY Ср.СОЧНЫЙ ЛИМОН д/мыт.посуды 900мл,products/mini_3501026.jpg,2023-09-14,2023-10-04,,2,229.99,199.99,13,False
3501028,FAIRY Ср.НЕЖ.РУКИ РОМАШ/ВИТ.Ед/пос.900мл,products/mini_3501028.jpg,2023-09-14,2023-10-04,,2,229.99,199.99,13,False
3501031,FAIRY Ср.НЕЖ.РУКИ Ч.ДЕР/МЯТА д/пос.450мл,products/mini_3501031.jpg,2023-09-26,2023-10-02,,0,139.99,99.99,28,False
3669213,SORTI Сред.БАЛЬЗ.АЛ.ВЕРА д/мыт.пос.450г,products/mini_3669213.jpg,2023-09-26,2023-10-02,,0,83.99,69.99,16,False
3673589,FAIRY Сред.PURE&CLEAN д/мыт.пос.650мл,products/mini_3673589.jpg,2023-09-14,2023-10-04,,2,229.99,199.99,13,False
3908950,FINISH Гель AL.IN1 M.А-Ж.д/ПММ лим.600мл,products/mini_3908950.jpg,2023-09-14,2023-10-04,,2,799.99,599.99,25,False
4212920,FINISH Сред.POWERB.POW.AIO д/ПММ 13таб,products/mini_4212920.jpg,2023-09-14,2023-10-04,,2,399.99,249.99,37,False
2129487,VAN.Ср.чис.GOLD АНТ.ШАМ.д/р.чис.ков450мл,products/mini_2129487.jpg,2023-09-14,2023-10-04,,2,399.99,299.99,25,False
37325,М.МУСК.Сред.ПРОФЕССИОН.д/мыт.стекл 500мл,products/mini_37325.jpg,2023-09-14,2023-10-04,,2,244.99,179.99,26,False
3501668,"SYNERGETIC Сред.д/мыт.ок/зер.биоразл0,5л",products/mini_3501668.jpg,2023-09-14,2023-10-04,,2,209.99,185.99,11,False
2083054,CIF Крем ЛИМОН чистящий 500мл,products/mini_2083054.jpg,2023-09-26,2023-10-02,,0,259.99,149.99,42,False
3436349,CIF Крем AROM.РОЗОВ.СВЕЖEСТЬ чист.500мл,products/mini_3436349.jpg,2023-09-26,2023-10-02,,0,259.99,149.99,42,False
4068002,CIF Спрей УЛЬТРА ГИГИЕНА чист.унив.500мл,products/mini_4068002.jpg,2023-09-14,2023-10-04,,2,349.99,199.99,42,False
94650,MrPROP.Ср-во ЛИМОН моющее 500мл,products/mini_94650.jpg,2023-09-14,2023-10-04,,2,119.99,99.99,16,False
98056,TIR.TURB.Гель мощ.д/уд.зас.в труб.500мл,products/mini_98056.jpg,2023-09-14,2023-10-04,,2,499.99,319.99,36,False
2162250,CILLIT Ср-во д/уд.налет/ржавч с курк.450,products/mini_2162250.jpg,2023-09-14,2023-10-04,,2,299.99,209.99,30,False
3413434,SANF.Сред БЕЛ.ГЕЛЬ с комп.дейст.3в1 700г,products/mini_3413434.jpg,2023-09-14,2023-10-04,,2,139.99,119.99,14,False
3669460,BREF Гель TOT.ЧИСТ/БЛЕСК ЛИМ/ЛАЙМ 700мл,products/mini_3669460.jpg,2023-09-14,2023-10-04,,2,244.99,89.99,63,False
3362360,UNIC.Жироуд.д/чист.стеклок.плит 500мл,products/mini_3362360.jpg,2023-09-14,2023-10-04,,2,329.99,199.99,39,False
3442578,PICNIC Батончик BIG 76г,products/mini_3442578.jpg,2023-10-03,2023-10-09,,0,79.99,44.99,43,False
4232528,MIXBAR Конфеты БАТОНЧИК какао/мол/кр.30г,products/mini_4232528.jpg,2023-10-03,2023-10-09,,0,17.99,14.99,16,False
4237783,GOODMIX Конф.SAL.CAR.TAS.вк.сол.кар.44г,products/mini_4237783.jpg,2023-10-03,2023-10-09,,0,54.99,39.99,27,False
4239070,MIXBAR Десерт БАТОНЧИК с печ/карам.30г,products/mini_4239070.jpg,2023-10-03,2023-10-09,,0,17.99,14.99,16,False
4240555,GOODMIX Кон.SAL.P.TAS.вк.сол.ар.хр.в.46г,products/mini_4240555.jpg,2023-10-03,2023-10-09,,0,54.99,39.99,27,False
4269929,NUT&GO Батончик миндальный 34г,products/mini_4269929.jpg,2023-10-03,2023-10-09,,0,39.99,29.99,25,False
3443624,"МУ-У Молоко ул/паст.2,5% 950г/925мл",products/mini_3443624.jpg,2023-10-03,2023-10-09,,0,87.99,64.99,26,False
3443625,"МУ-У Молоко ул/паст.3,2% 950г/925мл",products/mini_3443625.jpg,2023-10-03,2023-10-09,,0,89.99,69.99,22,False
44323,Яйцо ЭКСТРА кур.отбор.фас.10шт,products/mini_44323.jpg,2023-10-03,2023-10-09,,0,117.99,99.99,15,False
49076,"ДАНИС.Прод.тв.черник.5,5% 130",products/mini_49076.jpg,2023-10-03,2023-10-09,Купи от 3 штук по цене 44.99,0,72.99,49.99,31,False
78358,"ДАНИС.Прод.тв.брав.шок.6,7% 130г",products/mini_78358.jpg,2023-10-03,2023-10-09,Купи от 3 штук по цене 44.99,0,72.99,49.99,31,False
2058043,"ДАНИС.Прод.тв.хр.шар.7,2%130г",products/mini_2058043.jpg,2023-10-03,2023-10-09,Купи от 3 штук по цене 44.99,0,72.99,49.99,31,False
2131371,"ДАНИС.Прод.тв.киви 5,5% 130г",products/mini_2131371.jpg,2023-10-03,2023-10-09,Купи от 3 штук по цене 44.99,0,72.99,49.99,31,False
3483427,"GR.DESSERT Пудинг ВАН.мол.4,7% 200г",products/mini_3483427.jpg,2023-10-03,2023-10-09,,0,89.99,69.99,22,False
3483437,"GR.DESSERT Пудинг ШОК.мол.5,2% 200г",products/mini_3483437.jpg,2023-10-03,2023-10-09,,0,89.99,69.99,22,False
3601417,САВУШ.Йогурт ГРЕЧЕСКИЙ 2% 140г,products/mini_3601417.jpg,2023-10-03,2023-10-09,Купи от 3 штук по цене 36.99,0,49.99,39.99,20,False
3601418,САВУШ.Йогурт ГРЕЧЕСКИЙ черника 2% 140г,products/mini_3601418.jpg,2023-10-03,2023-10-09,Купи от 3 штук по цене 36.99,0,57.99,39.99,31,False
3601419,САВУШ.Йогурт ГРЕЧЕСКИЙ вишня 2% 140г,products/mini_3601419.jpg,2023-10-03,2023-10-09,Купи от 3 штук по цене 36.99,0,57.99,39.99,31,False
3677341,"EPICA Йогурт CRISPY с карам.10,2% 140г",products/mini_3677341.jpg,2023-10-03,2023-10-09,,0,84.99,59.99,29,False
3677342,"EPICA Йогурт CRISPY с фисташ.10,5% 140г",products/mini_3677342.jpg,2023-10-03,2023-10-09,,0,84.99,59.99,29,False
4123616,ЭКОНИВА Пр.ТВОРОЖОК тв.пер/абрик.5% 125г,,2023-10-03,2023-10-09,,0,57.99,46.99,18,False
4125516,ЭКОНИВА Прод.ТВОРОЖ.твор.мал/зем.5% 125г,,2023-10-03,2023-10-09,,0,57.99,46.99,18,False
3413519,"БР-ЛИТ.Масло сл/сл.н/сол.в/с 82,5% 180г",products/mini_3413519.jpg,2023-10-03,2023-10-09,,0,199.99,139.99,30,False
4121607,ПРОСТОКВ.Сметана 25% 300г,products/mini_4121607.jpg,2023-10-03,2023-10-09,,0,119.99,99.99,16,False
3651189,РАЭ Сметана 15% 320г,products/mini_3651189.jpg,2023-10-03,2023-10-09,,0,104.99,72.99,30,False
4018952,БЗМЖ КАЛУЖ.ЗОРЬКА Сметана 15% 180г,,2023-10-03,2023-10-09,,0,64.99,49.99,23,False
3490825,РАЭ Творог 9% 180г,products/mini_3490825.jpg,2023-10-03,2023-10-09,,0,104.99,69.99,33,False
4068078,КАЛУЖ.ЗОР.Творог 5% пак.300г,products/mini_4068078.jpg,2023-10-03,2023-10-09,,0,146.99,119.99,18,False
4095453,РОСТАГРОЭКС.Творог 5% 180г,products/mini_4095453.jpg,2023-10-03,2023-10-09,,0,97.99,69.99,28,False
4121611,ПРОСТОКВ.Творог 2% 200г,products/mini_4121611.jpg,2023-10-03,2023-10-09,,0,94.99,75.99,20,False
3376242,"РОГАЧЕВ Молоко сгущ.с сах.8,5% ж/б 380г",products/mini_3376242.jpg,2023-10-03,2023-10-09,,0,159.99,129.99,18,False
4285295,ХЛЕБ.ДОМ Плюшка с маком 120г,,2023-10-03,2023-10-09,,0,49.99,37.99,24,False
3950922,ЗЕРНИЦА Крекер с кунж/сем.льна 180г,products/mini_3950922.jpg,2023-10-03,2023-10-09,,0,59.99,49.99,16,False
4191169,ЗЕРНИЦА Крекер С РОЗМАРИНОМ 180г,products/mini_4191169.jpg,2023-10-03,2023-10-09,,0,59.99,49.99,16,False
3503336,НАТУРБУФЕТ Картофель томл.с мяс/ов.250г,products/mini_3503336.jpg,2023-10-03,2023-10-09,,0,169.99,139.99,17,False
2073280,ПЕТЕЛИНКА Бедро ОСОБОЕ охл.на подл.1кг,products/mini_2073280.jpg,2023-10-03,2023-10-09,,0,229.99,194.99,15,False
3191300,ТЕНДЕР Филе куриное охл. 1кг,products/mini_3191300.jpg,2023-10-03,2023-10-09,,0,349.99,314.99,10,False
4072852,РЕСТОРИЯ Азу из индейки 500г,products/mini_4072852.jpg,2023-10-03,2023-10-09,,0,229.99,189.99,17,False
4115862,ПЕРВ.СВЕЖ.Шарики куриные охл.450г,products/mini_4115862.jpg,2023-10-03,2023-10-09,,0,199.99,174.99,12,False
4267626,ПАВА-ПАВА Филе гол.из мяса инд.охл.450г,,2023-10-03,2023-10-09,,0,234.99,199.99,14,False
3498302,ЭКОЛЬ Ребрышки говяжьи 400г,,2023-10-03,2023-10-09,,0,229.99,199.99,13,False
4057490,РЕСТОРИЯ Гуляш свиной охл.МГА 400г,products/mini_4057490.jpg,2023-10-03,2023-10-09,,0,179.99,159.99,11,False
3626026,ЧЕРКИЗ.Медальоны из свин.выр.охл.500г,products/mini_3626026.jpg,2023-10-03,2023-10-09,,0,299.99,254.99,15,False
4230670,ТЕНДЕР Шейка свиная б/к охл.1кг,,2023-10-03,2023-10-09,,0,499.99,449.99,10,False
4288090,МИРАТОРГ Фарш говяжий кат.Б охл.400г,products/mini_4288090.jpg,2023-10-03,2023-10-09,Купи от 2 штук по цене 189.99,0,239.99,199.99,16,False
3465317,ЧЕРКИЗ.Фрикадельки ДОМАШ.охл.лот.360г,products/mini_3465317.jpg,2023-10-03,2023-10-09,Купи от 2 штук по цене 129.99,0,174.99,148.99,14,False
3492564,МИРАТОРГ Колбаски ЧЕВАПЧИЧИ говяд.300г,products/mini_3492564.jpg,2023-10-03,2023-10-09,Купи от 2 штук по цене 149.99,0,209.99,164.99,21,False
4115862,ПЕРВ.СВЕЖ.Шарики куриные охл.450г,products/mini_4115862.jpg,2023-10-03,2023-10-09,,0,199.99,174.99,12,False
3226339,РЕМИТ Колб.ДОКТ.вар.мяс.прод.кат.А 1кг,products/mini_3226339.jpg,2023-10-03,2023-10-09,,0,829.99,599.99,27,False
3440967,ОСТАНКИНО Колбаса ПРЕСИЖН с/к б/с 250г,products/mini_3440967.jpg,2023-10-03,2023-10-09,,0,309.99,189.99,38,False
3453074,ОКРАИНА Колбаса ДОКТОРСКАЯ пгн 500г,products/mini_3453074.jpg,2023-10-03,2023-10-09,,0,359.99,259.99,27,False
3467150,СТАРОДВ.КОЛБ.Колб.ВЯЗАНКА со шпик.500г,products/mini_3467150.jpg,2023-10-03,2023-10-09,,0,269.99,179.99,33,False
3504905,БЛИЖ.ГОР.Колб.НОВОМОСКОВСК.в/к кус.350г,products/mini_3504905.jpg,2023-10-03,2023-10-09,,0,329.99,199.99,39,False
3617230,ОКРАИНА Колб.САЛЯМИ НЕМЕЦ.с/к б/с 1кг,,2023-10-03,2023-10-09,,0,2099.99,1499.99,28,False
3649318,М.РЯД Колб.ЛЮБИТЕЛЬСКАЯ вар.кат.А 400г,products/mini_3649318.jpg,2023-10-03,2023-10-09,,0,269.99,199.99,25,False
4126129,ЧЕРКИЗ.Колбаса С ПЕЧЕНЬЮ ливер.400г,products/mini_4126129.jpg,2023-10-03,2023-10-09,,0,99.99,79.99,20,False
4198696,ЧЕРНЫЙ КАБАН Колбаса свиная в/к 290г,,2023-10-03,2023-10-09,,0,259.99,179.99,30,False
4227955,ОСТАН.Колбаса МОЛОЧНАЯ вар.кат.Б 400г,,2023-10-03,2023-10-09,,0,259.99,179.99,30,False
4291302,ВЛАД.СТАНД.Колб.ДОКТОРСК.вар.кат.А 400г,,2023-10-03,2023-10-09,,0,249.99,139.99,44,False
2072717,ЧЕРКИЗОВ.Ветчина из индейки б/с 400г,products/mini_2072717.jpg,2023-10-03,2023-10-09,,0,209.99,149.99,28,False
3289758,РЕМИТ Грудинка ДОМАШНЯЯ б/к нар.в/у 150г,products/mini_3289758.jpg,2023-10-03,2023-10-09,,0,189.99,129.99,31,False
3289809,Нарезка Ремит Шейка Ветчин.с/к в/у 150г,products/mini_3289809.jpg,2023-10-03,2023-10-09,,0,259.99,199.99,23,False
4055071,МЯСНАЯ ФЕРМА Сало белорусское 1кг,products/mini_4055071.jpg,2023-10-03,2023-10-09,,0,649.99,549.99,15,False
4277252,ВЯЗАНКА Ветчина ФИЛЕЙСК.СТОЛИЧН.вар.450г,products/mini_4277252.jpg,2023-10-03,2023-10-09,Купи от 2 штук по цене 159.99,0,299.98,179.99,39,False
3018289,Сосиски ЯДРЕНА КОПОТЬ с сыром 420г,products/mini_3018289.jpg,2023-10-03,2023-10-09,,0,239.98,139.99,41,False
3460864,КЛИНСКИЙ Сосиски ВЕНСКИЕ 470г,products/mini_3460864.jpg,2023-10-03,2023-10-09,,0,299.99,199.99,33,False
3486631,МДБ Сосиски ПРЕМИУМ с нат.слив.в/у 480г,products/mini_3486631.jpg,2023-10-03,2023-10-09,,0,309.99,189.99,38,False
4207180,КОПТ.ДВОР Сосиски СОЧНЫЕ вар.кат.Б 750г,products/mini_4207180.jpg,2023-10-03,2023-10-09,,0,179.99,159.99,11,False
4222125,ВЕЛКОМ Сосиски С СЫРОМ вар.кат.В 450г,,2023-10-03,2023-10-09,,0,319.99,229.99,28,False
3048274,Пельмени Останкинские Традиционные 900г,products/mini_3048274.jpg,2023-10-03,2023-10-09,,0,319.99,209.99,34,False
3666702,ЦЕЗАРЬ Пельмени ГОРДОСТЬ СИБИРИ 800г,products/mini_3666702.jpg,2023-10-03,2023-10-09,,0,549.99,279.99,49,False
3693345,СИБИР.КОЛЛЕК.Пельм.ИРКУТСКИЕ кат.Б 700г,products/mini_3693345.jpg,2023-10-03,2023-10-09,,0,729.99,349.99,52,False
3993222,РЕСТОРИЯ Пельмени КЛАССИЧЕСК.кат.В 800г,products/mini_3993222.jpg,2023-10-03,2023-10-09,,0,299.99,239.99,20,False
3993223,РЕСТОРИЯ Пельмени ФИРМЕННЫЕ кат.Б 700г,products/mini_3993223.jpg,2023-10-03,2023-10-09,,0,379.99,249.99,34,False
4236696,ГОР.ШТУЧ.Пельм.БИГБУЛИ С МЯСОМ зам.900г,products/mini_4236696.jpg,2023-10-03,2023-10-09,,0,379.99,259.99,31,False
3404868,РОС.КОР.Плов с мясом цыпленка 300г,products/mini_3404868.jpg,2023-10-03,2023-10-09,,0,199.99,129.99,35,False
3236284,ГЛАВСУП Суп СОЛЯНКА по-домашнему 250г,products/mini_3236284.jpg,2023-10-03,2023-10-09,,0,119.99,89.99,25,False
3373886,ГОР.ШТУЧ.Чебупели СОЧН.С МЯСОМ 300г,products/mini_3373886.jpg,2023-10-03,2023-10-09,Купи от 2 штук по цене 99.90,0,169.99,119.99,29,False
3477363,ЗОЛ.ПЕТУШОК Наггетсы хрустящие 300г,products/mini_3477363.jpg,2023-10-03,2023-10-09,Купи от 2 штук по цене 99.99,0,199.99,129.99,35,False
3607265,ЦЕЗАРЬ Пицца с ветчиной и грибами 420г,products/mini_3607265.jpg,2023-10-03,2023-10-09,,0,299.99,199.99,33,False
3912677,РЕСТОРИЯ Курица в соус.тер.рис.б/зам300г,products/mini_3912677.jpg,2023-10-03,2023-10-09,,0,199.99,159.99,20,False
4057693,ВЯЗАНКА Наггетсы с инд.зам.250г,products/mini_4057693.jpg,2023-10-03,2023-10-09,Купи от 2 штук по цене 99.99,0,209.99,119.99,42,False
4306830,СЫТОЕД.Азу из курицы карт.пюре зам.300г,,2023-10-03,2023-10-09,,0,189.99,154.99,18,False
4254174,ДОМИЛЛЕ Котлеты СОЧНЫЕ кат.В зам.560г,products/mini_4254174.jpg,2023-10-03,2023-10-09,,0,269.99,179.99,33,False
3334700,ЧИСТ.ЛИН.Мороженое МОСК.ЛАКОМ.пл.12% 80г,products/mini_3334700.jpg,2023-10-03,2023-10-09,,0,139.99,104.99,25,False
4085329,ЧИСТ.ЛИН.Мор.МАЛ.КАКТ.эск.пл.ван.12% 80г,products/mini_4085329.jpg,2023-10-03,2023-10-09,,0,169.99,109.99,35,False
4279656,LАVELEE Морож.ДИКАЯ ГОЛ.В ЙОГ.эск.5%85мл,,2023-10-03,2023-10-09,,0,169.99,134.99,20,False
4072222,GL.VILLAGE Смесь АЗИАТСКАЯ С СОУСОМ 400г,products/mini_4072222.jpg,2023-10-03,2023-10-09,,0,219.99,149.99,31,False
4252536,GL.VIL.Смесь 8 ОВОЩЕЙ овощ.б/зам.400г,products/mini_4252536.jpg,2023-10-03,2023-10-09,,0,125.99,99.99,20,False
3258078,РЕСТОРИЯ Тесто слоен.бездр.500г,products/mini_3258078.jpg,2023-10-03,2023-10-09,,0,94.99,79.99,15,False
4066090,F.HOUSE Икра КЛАССИЧ. с/с 180г,products/mini_4066090.jpg,2023-10-03,2023-10-09,,0,139.99,109.99,21,False
4066091,F.HOUSE Икра с/с в соус.с ар.коп.180г,products/mini_4066091.jpg,2023-10-03,2023-10-09,,0,139.99,109.99,21,False
4177565,F.HOUSE Икра крас.имит.вк.лос.икры 220г,products/mini_4177565.jpg,2023-10-03,2023-10-09,,0,109.99,69.99,36,False
4177566,F.HOUSE Икра чер.имит.вк.осетр.икры 220г,products/mini_4177566.jpg,2023-10-03,2023-10-09,,0,109.99,69.99,36,False
3447878,VICI Мясо крабовое охл. имит. 220г,products/mini_3447878.jpg,2023-10-03,2023-10-09,Купи от 2 штук по цене 89.99,0,159.99,99.99,37,False
3447879,VICI Палочки крабовые охл. имит. 220г,products/mini_3447879.jpg,2023-10-03,2023-10-09,Купи от 2 штук по цене 89.99,0,159.99,99.99,37,False
3466854,3FISH Коктейль из морепр.в масл.в/у 150г,products/mini_3466854.jpg,2023-10-03,2023-10-09,,0,129.99,109.99,15,False
3472044,F.HOUSE Мидии в рассоле 300г,products/mini_3472044.jpg,2023-10-03,2023-10-09,,0,179.99,139.99,22,False
4045867,БАЛТ.БЕР.Кокт.ОЛ.МАРЕ мореп.вар.в/м 380г,products/mini_4045867.jpg,2023-10-03,2023-10-09,,0,339.99,279.99,17,False
99330,МЕРИДИАН Треска отварная в желе 200г,products/mini_99330.jpg,2023-10-03,2023-10-09,,0,159.99,119.99,25,False
3305793,F.H.Сельдь ПО-ИСЛАНД.б/вин.соус 115г,products/mini_3305793.jpg,2023-10-03,2023-10-09,,0,119.99,89.99,25,False
3305794,F.H.Сельдь ПО-ИСЛАНД.к/вин.соус 115г,products/mini_3305794.jpg,2023-10-03,2023-10-09,,0,119.99,89.99,25,False
3638123,F.HOUSE Сельдь атл.спец.посола 1000г,products/mini_3638123.jpg,2023-10-03,2023-10-09,,0,199.99,139.99,30,False
3923407,БАЛТ.БЕР.Форель кусок с/с 200г,products/mini_3923407.jpg,2023-10-03,2023-10-09,,0,499.99,399.99,20,False
3680318,RЫБА CОЛЬ Плотва вяленая н/р 200г,products/mini_3680318.jpg,2023-10-03,2023-10-09,,0,223.99,179.99,19,False
4293507,F.HOUSE Путассу сушено-вяленый 40г,,2023-10-03,2023-10-09,,0,59.99,44.99,25,False
3628683,F.HOUSE Минтай филе зам.600г,products/mini_3628683.jpg,2023-10-03,2023-10-09,,0,244.99,189.99,22,False
3636987,F.HOUSE Креветки КОРОЛЕВ.н/р в панц.500г,products/mini_3636987.jpg,2023-10-03,2023-10-09,,0,499.99,299.99,40,False
3638883,F.HOUSE Хек мороженый в ассорт. 800 г,products/mini_3638883.jpg,2023-10-03,2023-10-09,,0,329.99,269.99,18,False
4015936,POLAR Филе горбуши д/в порц.зам.400г,products/mini_4015936.jpg,2023-10-03,2023-10-09,,0,419.99,359.99,14,False
4119553,BOREALIS Треска атл.филе б/кожи зам.400г,products/mini_4119553.jpg,2023-10-03,2023-10-09,,0,799.99,599.99,25,False
4243073,F.HOUSE Котлеты рыбные в пан.зам.300г,products/mini_4243073.jpg,2023-10-03,2023-10-09,Купи от 2 штук по цене 89.99,0,159.99,99.99,37,False
3369304,F.HOUSE Кревет.в/м очищ.300/500 500г,products/mini_3369304.jpg,2023-10-03,2023-10-09,,0,659.99,559.99,15,False
3454689,БАЛТ.БЕР.Скумбрия х/к кус.в/у 300г,products/mini_3454689.jpg,2023-10-03,2023-10-09,,0,249.99,169.99,32,False
4278669,СЕВ.КОМП.Форель радужная ф-к.п/к 150г,products/mini_4278669.jpg,2023-10-03,2023-10-09,,0,309.99,279.99,9,False
3680318,RЫБА CОЛЬ Плотва вяленая н/р 200г,products/mini_3680318.jpg,2023-10-03,2023-10-09,,0,223.99,179.99,19,False
4293507,F.HOUSE Путассу сушено-вяленый 40г,,2023-10-03,2023-10-09,,0,59.99,44.99,25,False
3403508,ОТ МАРТИНА Семечки ОТБОРНЫЕ 200г,products/mini_3403508.jpg,2023-10-03,2023-10-09,,0,152.99,129.99,15,False
4300514,ОТ МАРТИНА Сем.чер.отб.обж.сол.прем.250г,,2023-10-03,2023-10-09,,0,129.99,109.99,15,False
3669121,ОТ МАРТИНА Семечки ОТБОРНЫЕ черн.250г,,2023-10-03,2023-10-09,,0,129.99,109.99,15,False
4152767,ВАРЕНЬКА Джем КЛУБНИЧНЫЙ десертный 320г,products/mini_4152767.jpg,2023-10-03,2023-10-09,,0,109.99,84.99,22,False
4152769,ВАРЕНЬКА Джем ПЕРСИКОВЫЙ десертный 320г,products/mini_4152769.jpg,2023-10-03,2023-10-09,,0,109.99,84.99,22,False
4289671,ВАРЕНЬКА Джем вишневый нестер.300г,products/mini_4289671.jpg,2023-10-03,2023-10-09,,0,99.99,74.99,25,False
4289672,ВАРЕНЬКА Джем клубничный нестер.300г,products/mini_4289672.jpg,2023-10-03,2023-10-09,,0,99.99,74.99,25,False
4269878,КАРАВАН-САРАЙ Халва подсолн.с арах.350г,products/mini_4269878.jpg,2023-10-03,2023-10-09,,0,94.99,79.99,15,False
7662,ШАРМЭЛЬ Пастила с ароматом ванили 221г,products/mini_7662.jpg,2023-10-03,2023-10-09,,0,159.99,129.99,18,False
9779,ШАРМЭЛЬ Пастила КЛЮКВЕННАЯ 221г,products/mini_9779.jpg,2023-10-03,2023-10-09,,0,159.99,129.99,18,False
10795,ШАРМЭЛЬ Зефир КЛАСС.в шокол250г,products/mini_10795.jpg,2023-10-03,2023-10-09,,0,319.99,229.99,28,False
3139443,ШАРЛИЗ Мармелад желей.со вкус.абрик.300г,products/mini_3139443.jpg,2023-10-03,2023-10-09,,0,79.99,69.99,12,False
3981396,FRUIT-TEL.Марм.ЙОРМС жев.вк.й/к/п/л.138г,,2023-10-03,2023-10-09,,0,124.99,89.99,28,False
4255500,ШАРЛИЗ Мармел.ФРАНЦУЗСКИЙ САД жел.300г,products/mini_4255500.jpg,2023-10-03,2023-10-09,,0,99.99,74.99,25,False
4266204,MIXBAR Маршмеллоу с аром.клуб.100г,products/mini_4266204.jpg,2023-10-03,2023-10-09,,0,64.99,55.99,13,False
26037,Рулет с маковой начинкой 400г,products/mini_26037.jpg,2023-10-03,2023-10-09,,0,239.99,159.99,33,False
3317762,ШАРЛИЗ Пирог ФР.ПАЙ пес.черн.дж.430г,products/mini_3317762.jpg,2023-10-03,2023-10-09,,0,169.99,139.99,17,False
3900907,ШАРЛИЗ Мини круассаны с крем.какао 200г,products/mini_3900907.jpg,2023-10-03,2023-10-09,,0,89.99,79.99,11,False
3900908,ШАРЛИЗ Мини круассаны с крем.вк.ван.200г,products/mini_3900908.jpg,2023-10-03,2023-10-09,,0,89.99,79.99,11,False
3900909,ШАРЛИЗ Мини круасс.с крем.вк.вар.сг.200г,products/mini_3900909.jpg,2023-10-03,2023-10-09,,0,89.99,79.99,11,False
3900912,ШАРЛИЗ Мини круассаны с нач.Клубника200г,products/mini_3900912.jpg,2023-10-03,2023-10-09,,0,89.99,79.99,11,False
4274338,ШАРЛИЗ Пирог ФРУКТ.ПАЙ пес.вишн.дж.430г,products/mini_4274338.jpg,2023-10-03,2023-10-09,,0,169.99,139.99,17,False
4113879,MILKA Паста орех.с добавлением какао350г,products/mini_4113879.jpg,2023-10-03,2023-10-09,,0,496.99,369.99,25,False
4254388,CUIS.ROYALE Паста ШОКОЛАДНО-ОРЕХ.180г,products/mini_4254388.jpg,2023-10-03,2023-10-09,,0,159.99,129.99,18,False
22245,MERCI Наб.кон.шок.ассорт.с нач.и б/н250г,products/mini_22245.jpg,2023-10-03,2023-10-09,,0,549.99,249.99,54,False
22246,MERCI Наб.кон.из тем.шок.с нач.и б/н250г,products/mini_22246.jpg,2023-10-03,2023-10-09,,0,549.99,399.99,27,False
2057825,Конфеты АЛЕНКА 250г,products/mini_2057825.jpg,2023-10-03,2023-10-09,,0,369.99,199.99,45,False
2062117,Конфеты КАРА-КУМ 250г,products/mini_2062117.jpg,2023-10-03,2023-10-09,,0,339.99,179.99,47,False
3181086,ВДОХН. Конф.шокол.с фунд. 215г,products/mini_3181086.jpg,2023-10-03,2023-10-09,,0,579.99,289.99,50,False
3479755,ТRUFELLO Конфеты крем.корп.гл.вк.шок180г,products/mini_3479755.jpg,2023-10-03,2023-10-09,,0,99.99,89.99,10,False
3611868,БАБАЕВ.Конф.БЕЛОЧКА 200г,products/mini_3611868.jpg,2023-10-03,2023-10-09,,0,299.99,179.99,40,False
3611870,КР.ОКТЯБРЬ Конф.МИШКА КОСОЛАПЫЙ 200г,products/mini_3611870.jpg,2023-10-03,2023-10-09,,0,299.99,139.99,53,False
3611872,КР.ОКТЯБРЬ Конф.ТРЮФЕЛИ 200г,products/mini_3611872.jpg,2023-10-03,2023-10-09,,0,319.99,179.99,43,False
16159,Набор конф.СЛ.ПОМАДК.С ЦУК.250г,products/mini_16159.jpg,2023-10-03,2023-10-09,,0,289.99,179.99,37,False
3220803,ОР.Изд.ЧОКО ПАЙ конд.мучн.гл.с об.д.360г,products/mini_3220803.jpg,2023-10-03,2023-10-09,,0,179.99,129.90,27,False
3438765,ШАРЛИЗ Печенье НЕЖНОЕ СУФЛЕ 240г,products/mini_3438765.jpg,2023-10-03,2023-10-09,,0,89.99,79.99,11,False
3950922,ЗЕРНИЦА Крекер с кунж/сем.льна 180г,products/mini_3950922.jpg,2023-10-03,2023-10-09,,0,59.99,49.99,16,False
4039904,СЛАД.СЛОБОДА Печен.ДЕРЕВ.ВАРЕН.сах.310г,products/mini_4039904.jpg,2023-10-03,2023-10-09,,0,119.99,89.99,25,False
4103485,ШАРЛИЗ Изд.х/б АБРИКОС.фрукт.тр.сл.500г,products/mini_4103485.jpg,2023-10-03,2023-10-09,,0,199.99,169.99,15,False
4191169,ЗЕРНИЦА Крекер С РОЗМАРИНОМ 180г,products/mini_4191169.jpg,2023-10-03,2023-10-09,,0,59.99,49.99,16,False
4193133,ЮБИЛЕЙН.Печенье ТРАДИЦИОННОЕ витам.268г,products/mini_4193133.jpg,2023-10-03,2023-10-09,,0,99.99,69.99,30,False
4193136,ЮБИЛЕЙН.Печенье с овсяными хлоп.вит.268г,products/mini_4193136.jpg,2023-10-03,2023-10-09,,0,99.99,69.99,30,False
4286288,СЛАД.СЛОБОДА Печенье СДОБ.С СЕМ.доб.290г,products/mini_4286288.jpg,2023-10-03,2023-10-09,,0,119.99,89.99,25,False
4287538,VENETTO Кофе нат.жар.зер.800г,products/mini_4287538.jpg,2023-10-03,2023-10-09,,0,999.99,879.99,12,False
3442578,PICNIC Батончик BIG 76г,products/mini_3442578.jpg,2023-10-03,2023-10-09,,0,79.99,44.99,43,False
4232528,MIXBAR Конфеты БАТОНЧИК какао/мол/кр.30г,products/mini_4232528.jpg,2023-10-03,2023-10-09,,0,17.99,14.99,16,False
4237783,GOODMIX Конф.SAL.CAR.TAS.вк.сол.кар.44г,products/mini_4237783.jpg,2023-10-03,2023-10-09,,0,54.99,39.99,27,False
4239070,MIXBAR Десерт БАТОНЧИК с печ/карам.30г,products/mini_4239070.jpg,2023-10-03,2023-10-09,,0,17.99,14.99,16,False
4240555,GOODMIX Кон.SAL.P.TAS.вк.сол.ар.хр.в.46г,products/mini_4240555.jpg,2023-10-03,2023-10-09,,0,54.99,39.99,27,False
4269929,NUT&GO Батончик миндальный 34г,products/mini_4269929.jpg,2023-10-03,2023-10-09,,0,39.99,29.99,25,False
